ISBN/SKU,store,closing_qty,on_order,sales_per_day,leadtime,mrp
BK-0001,Mumbai,4,0,0.7,9,249
BK-0001,Delhi,2,0,0.9,6,₹249
BK-0001,Bengaluru,14,3,0.9,6,₹249
BK-0001,Hyderabad,16,0,0.7,15,₹249
BK-0001,Chennai,9,0,0.5,9,249
BK-0001,Kolkata,11,5,0.7,15,249
BK-0001,Pune,12,0,0.9,9,249.00
BK-0001,Ahmedabad,16,0,0.7,9,249.00
BK-0001,Jaipur,0,0,0.7,9,₹249
BK-0001,Lucknow, 1 ,3,0.3,9,249
BK-0002,Mumbai,1,0,0.1,9,249
BK-0002,Delhi,0,0,0.7,15,249
BK-0002,Bengaluru,0,0,0.0,6,Rs. 249
BK-0002,Hyderabad,1,0,0.4,6,₹249
BK-0002,Chennai,0,0,0.0,6,₹249
BK-0002,Kolkata,7,0,0.8,6,249
BK-0002,Pune, 0 ,0,0.0,9,249
BK-0002,Ahmedabad,1,0,0.1,6,249
BK-0002,Jaipur,4,3,0.3,9,Rs. 249
BK-0002,Lucknow,3,0,0.2,6,249
BK-0003,Mumbai,17,12,0.7,15,149
BK-0003,Delhi,13,0,0.3,15,₹149
BK-0003,Bengaluru,0,0,0.1,6,149
BK-0003,Hyderabad,20,0,0.6,15,149
BK-0003,Chennai,4,0,0.1,15,Rs. 149
BK-0003,Kolkata,19.5,0,0.6,15,Rs. 149
BK-0003,Pune,9,0,0.3,15,149
BK-0003,Ahmedabad,17,0,0.4,15,Rs. 149
BK-0003,Jaipur,4,0,0.1,15,N/A
BK-0003,Lucknow,2,3,0.5,15,149
BK-0004,Mumbai,7,2,0.2,15,Rs. 149
BK-0004,Delhi,16,0,0.5,15,₹149
BK-0004,Bengaluru,35,0,0.7,15,149
BK-0004,Hyderabad,3,0,0.2,15,₹149
BK-0004,Chennai,0,-4,0.1,15,149.00
BK-0004,Kolkata,1,0,0.4,,149
BK-0004,Pune,12,0,0.4,15,149
BK-0004,Ahmedabad,7,0,0.5,9,149
BK-0004,Jaipur,0,0,0.4,9 days,149
BK-0004,Lucknow,7,0,0.6,6,149
BK-0005,Mumbai,8,0,,9,149.00
BK-0005,Delhi,8,0,0.3,9,₹149
BK-0005,Bengaluru,0,4,0.3,15,149
BK-0005,Hyderabad,(6),0,0.8,9,₹149
BK-0005,Chennai,1,0,0.3,15,149
BK-0005,Kolkata,10,0,0.8,6,149
BK-0005,Pune,5,0,0.2,9,Rs. 149
BK-0005,Ahmedabad,9,3,0.4,15,Rs. 149
BK-0005,Ahmedabad,9,3,0.4,15,Rs. 149
BK-0005,Jaipur,2,0,0.4,9,149
,Lucknow,12,0,0.9,15,₹149
BK-0006,Mumbai,0,0,0.7,6,99
BK-0006,Delhi,21,9,0.8,9,99
BK-0006,Bengaluru,5,0,0.3,6,99
BK-0006,Hyderabad, 2 ,0,0.2,9,₹99
BK-0006,Chennai,5,1,0.2,9,Rs. 99
BK-0006,Kolkata, 3 ,16,0.8,15,99.00
BK-0006,Pune,12,0,0.8,6,99
BK-0006,Ahmedabad, 1 ,0,0.1,15,₹99
BK-0006,Jaipur,3,0,0.4,9,99
BK-0006,Lucknow,6,0,0.7,15,₹99
BK-0007,Mumbai,11,3,0.6,9,249
BK-0007,Delhi,5,0,0.8,9,249
BK-0007,Bengaluru,3,0,0.1,15,Rs. 249
BK-0007,Hyderabad,2,0,0.4,15,249
BK-0007,Chennai,22,5,0.6,15,249
BK-0007,Kolkata,2,0,0.2,6,249.00
BK-0007,Pune,20,0,0.5,15,Rs. 249
BK-0007,Ahmedabad,6,1,0.6,6,₹249
BK-0007,Jaipur,3,0,0.3,15,249.00
BK-0007,Lucknow,10,0,0.4,9,₹249
BK-0008,Mumbai,9,0,0.3,15,₹399
BK-0008,Delhi,11,0,0.7,6,Rs. 399
BK-0008,Bengaluru,0,0,0.6,9,399
BK-0008,Hyderabad,36,10,0.8,15,399
BK-0008,Chennai,2,13,0.8,15,399
BK-0008,Kolkata, 5 ,1,0.5,6,399
BK-0008,Pune,15,0,0.4,15,399
BK-0008,Ahmedabad,8,0,0.3,9,399
BK-0008,Jaipur,10.5,0,0.5,15,399
BK-0008,Lucknow,10,0,0.8,9,₹399
BK-0009,Mumbai,2,1,0.4,6,599
BK-0009,Delhi,7,0,0.7,9,₹599
BK-0009,Bengaluru,1,0,0.3,9,599
BK-0009,Hyderabad,10,0,0.5,15,599
BK-0009,Chennai,0,0,0.1,9,₹599
BK-0009,Kolkata,0,2,0.7,9,599.00
BK-0009,Pune, 1 ,0,0.1,15,599
BK-0009,Ahmedabad,20,0,0.7,9,N/A
BK-0009,Jaipur,24,0,0.8,15,599
BK-0009,Lucknow,5,0,0.2,9,599
BK-0010,Mumbai,11,0,0.4,9,₹599
BK-0010,Delhi,0,0,0.3,9,Rs. 599
BK-0010,Bengaluru,4,0,0.4,6,599
BK-0010,Hyderabad,17,0,0.5,15,₹599
BK-0010,Chennai,4,3,0.3,15,₹599
BK-0010,Kolkata,23,0,0.8,15,Rs. 599
BK-0010,Pune, 1 ,0,0.7,9,599
BK-0010,Ahmedabad,0,0,0.0,6,₹599
BK-0010,Jaipur,8,0,0.3,9,599
BK-0010,Lucknow,1,0,0.1,9,599
BK-0011,Mumbai,10,5,0.3,15,₹149
BK-0011,Delhi,6,2,0.4,9,Rs. 149
BK-0011,Bengaluru,16,11,0.6,15,149
BK-0011,Hyderabad,0,0,0.1,9,149
BK-0011,Chennai,11,0,0.3,15,₹149
BK-0011,Kolkata,3,-5,0.2,9,₹149
BK-0011,Pune,0,0,0.0,9,₹149
BK-0011,Ahmedabad,12, 3 ,0.3,15,149
BK-0011,Jaipur,9,5,0.3,,149
BK-0011,Lucknow,12, 9 ,0.7,15,149
BK-0012,Mumbai,5,2,0.4,6,₹149
BK-0012,Delhi,4,0,0.9,9,₹149
BK-0012,Bengaluru,11,0,0.5,9,149
BK-0012,Hyderabad,2,0,0.3,15,Rs. 149
BK-0012,Chennai,0,0,0.0,15,₹149
BK-0012,Kolkata,17,0,0.6,9,Rs. 149
BK-0012,Pune,0,0,0.1,6,149
BK-0012,Ahmedabad,11,0,0.7,9 days,Rs. 149
BK-0012,Jaipur,3,0,0.3,9,₹149
BK-0012,Lucknow,1,0,0.1,6,149
BK-0013,Mumbai,8,0,0.4,15,₹599
BK-0013,Delhi,0,0,0.3,15,599.00
BK-0013,Bengaluru,0,0,0.2,6,599
BK-0013,Hyderabad,3,0,,9,599
BK-0013,Chennai,5,0,0.4,6,₹599
BK-0013,Kolkata,2,0,0.2,6,599
BK-0013,Pune,6,0,0.6,6,₹599
BK-0013,Ahmedabad,17,0,0.6,9,599
BK-0013,Jaipur,5,0,0.9,9,599
BK-0013,Lucknow,11,0,0.8,6,599
BK-0014,Mumbai,0,0,0.4,6,599
BK-0014,Delhi,0.5,0,0.0,6,599
BK-0014,Bengaluru,(2),0,0.4,15,₹599
BK-0014,Hyderabad,5,0,0.3,6,₹599
BK-0014,Chennai,0,0,0.0,9,₹599
BK-0014,Kolkata,25,0,0.8,15,599
BK-0014,Pune,6,0,0.5,15,Rs. 599
BK-0014,Ahmedabad,6,0,0.5,9,₹599
BK-0014,Jaipur,9,0,0.8,6,599
BK-0014,Lucknow,5,0,0.3,9,₹599
BK-0015,Mumbai,2,1,0.4,6,Rs. 99
BK-0015,Delhi,2,0,0.2,6,₹99
BK-0015,Bengaluru,4,0,0.6,9,₹99
BK-0015,Hyderabad,0,0,0.2,6,Rs. 99
BK-0015,Chennai,0,0,0.0,9,99
BK-0015,Chennai,0,0,0.0,9,99
BK-0015,Kolkata,6, 2 ,0.3,9,₹99
BK-0015,Pune,17,0,0.5,15,N/A
BK-0015,Ahmedabad,16,0,0.4,15,Rs. 99
BK-0015,Jaipur,2,0,0.1,15,Rs. 99
BK-0015,Lucknow,7,2,0.2,15,99
,Mumbai,13,0,0.7,15,₹249
BK-0016,Delhi,5,7,0.6,9,₹249
BK-0016,Bengaluru,1,1,0.4,6,249
BK-0016,Hyderabad,7,3,0.3,15,Rs. 249
BK-0016,Chennai,2,0,0.2,15,249
BK-0016,Kolkata,3,0,0.8,9,₹249
BK-0016,Pune,7,3,0.8,6,₹249
BK-0016,Ahmedabad,6,0,0.9,9,249
BK-0016,Jaipur,18,0,0.4,15,249.00
BK-0016,Lucknow,16,0,0.7,9,₹249
BK-0017,Mumbai,23,0,0.8,9,₹99
BK-0017,Delhi,5,0,0.1,15,₹99
BK-0017,Bengaluru, 2 ,0,0.2,9,₹99
BK-0017,Hyderabad,8,0,0.3,9,99
BK-0017,Chennai,14,0,0.6,9,₹99
BK-0017,Kolkata, 18 ,10,0.9,15,99
BK-0017,Pune,0,0,0.2,6,Rs. 99
BK-0017,Ahmedabad,12,0,0.6,6,₹99
BK-0017,Jaipur,5,0,0.4,15,₹99
BK-0017,Lucknow,7,0,0.3,9,Rs. 99
BK-0018,Mumbai,6,0,0.3,9,Rs. 399
BK-0018,Delhi,20,0,0.7,9,Rs. 399
BK-0018,Bengaluru,5,0,0.2,9,Rs. 399
BK-0018,Hyderabad,20,9,0.8,15,399
BK-0018,Chennai,4,2,0.4,6,₹399
BK-0018,Kolkata,13,0,0.9,15,₹399
BK-0018,Pune,0,-6,0.0,6,₹399
BK-0018,Ahmedabad,19,0,0.6,15,₹399
BK-0018,Jaipur,1,0,0.1,6,Rs. 399
BK-0018,Lucknow,1,0,0.4,15,399.00
BK-0019,Mumbai,20,0,0.8,9,149
BK-0019,Delhi,10,0,0.5,,149
BK-0019,Bengaluru,2,0,0.2,9,149
BK-0019,Hyderabad,9,0,0.8,6,149
BK-0019,Chennai,12.5,0,0.5,15,₹149
BK-0019,Kolkata,1,7,0.8,9,149.00
BK-0019,Pune,1,0,0.2,9,149
BK-0019,Ahmedabad,11,2,0.4,9,₹149
BK-0019,Jaipur,9,0,0.2,15,149
BK-0019,Lucknow,2,0,0.2,9,149
BK-0020,Mumbai,24,0,0.6,15,₹149
BK-0020,Delhi,22,0,0.6,15,₹149
BK-0020,Bengaluru,6,0,0.4,9,Rs. 149
BK-0020,Hyderabad,18,0,0.8,9,149
BK-0020,Chennai,2,0,0.1,15,149.00
BK-0020,Kolkata,6,0,0.3,15,₹149
BK-0020,Pune,0,0,0.1,6 days,Rs. 149
BK-0020,Ahmedabad,17,0,0.5,15,Rs. 149
BK-0020,Jaipur,7,0,0.5,9,149
BK-0020,Lucknow,10,5,0.4,15,149
BK-0021,Mumbai,3,2,0.5,6,₹599
BK-0021,Delhi,19,0,0.7,15,599
BK-0021,Bengaluru, 27 ,0,0.8,15,₹599
BK-0021,Hyderabad,14,0,0.3,15,₹599
BK-0021,Chennai,5,1,0.6,6,₹599
BK-0021,Kolkata, 3 ,0,0.4,6,N/A
BK-0021,Pune,11,0,,9,₹599
BK-0021,Ahmedabad,2,0,0.3,9,₹599
BK-0021,Jaipur,19,0,0.7,15,599
BK-0021,Lucknow,10,0,0.6,6,599
BK-0022,Mumbai,2,0,0.5,6,399
BK-0022,Delhi,4,0,0.4,15,₹399
BK-0022,Bengaluru,1,0,0.1,6,Rs. 399
BK-0022,Hyderabad,4,2,0.3,6,399
BK-0022,Chennai,1,0,0.5,9,399
BK-0022,Kolkata,6,0,0.5,9,399
BK-0022,Pune,4,0,0.3,15,399
BK-0022,Ahmedabad,9,0,0.6,15,399
BK-0022,Jaipur,0,0,0.2,9,399.00
BK-0022,Lucknow,10,0,0.6,6,399
BK-0023,Mumbai,3,0,0.5,6,149
BK-0023,Delhi,(5),1,0.4,6,₹149
BK-0023,Bengaluru,0,5,0.7,6,149
BK-0023,Hyderabad,0,0,0.0,15,Rs. 149
BK-0023,Chennai,7,5,0.7,6,Rs. 149
BK-0023,Kolkata,3,0,0.2,6,Rs. 149
BK-0023,Pune,28,0,0.9,15,149
BK-0023,Ahmedabad,5,0,0.5,6,149
BK-0023,Jaipur,0,0,0.5,15,149
BK-0023,Lucknow,4,0,0.4,6,Rs. 149
BK-0024,Mumbai,1,6,0.5,9,₹249
BK-0024,Delhi,16,5,0.5,15,Rs. 249
BK-0024,Bengaluru,12,5,0.3,15,Rs. 249
BK-0024,Hyderabad,0,0,0.0,6,249
BK-0024,Chennai,10,0,0.7,6,249
BK-0024,Kolkata, 7 ,0,0.4,15,249
BK-0024,Pune,0,0,0.0,6,₹249
BK-0024,Ahmedabad,15.5,0,0.7,9,249.00
BK-0024,Jaipur, 6 ,0,0.5,6,249.00
BK-0024,Lucknow,3,0,0.2,9,249
BK-0025,Mumbai,5,0,0.5,9,₹249
BK-0025,Delhi,5,0,0.4,6,₹249
BK-0025,Delhi,5,0,0.4,6,₹249
BK-0025,Bengaluru,0,0,0.2,6,249
BK-0025,Hyderabad, 11 ,0,0.5,9,₹249
BK-0025,Chennai,10,0,0.8,6,249.00
BK-0025,Kolkata,0, 5 ,0.6,9,₹249
BK-0025,Pune,3,0,0.2,9,249.00
BK-0025,Ahmedabad,1,-4,0.3,6,249
BK-0025,Jaipur,4,0,0.3,15,249
BK-0025,Lucknow, 1 ,0,0.1,6,249
BK-0026,Mumbai,13,0,0.5,9,99
,Delhi,8,0,0.6,6,99.00
BK-0026,Bengaluru,0,0,0.0,9,99
BK-0026,Hyderabad,3,0,0.2,9,₹99
BK-0026,Chennai, 0 ,0,0.5,,99
BK-0026,Kolkata,6,0,0.5,15,Rs. 99
BK-0026,Pune,13,0,0.7,15,99
BK-0026,Ahmedabad,5,0,0.4,9,₹99
BK-0026,Jaipur,0,1,0.1,15,99.00
BK-0026,Lucknow,2,0,0.3,9,99
BK-0027,Mumbai,1,0,0.1,6,99
BK-0027,Delhi,7, 5 ,0.5,9,99
BK-0027,Bengaluru,20,0,0.6,15,Rs. 99
BK-0027,Hyderabad,28,4,0.6,15,₹99
BK-0027,Chennai,0,0,0.0,15,N/A
BK-0027,Kolkata, 22 ,13,0.7,15,₹99
BK-0027,Pune,24,0,0.5,15,99.00
BK-0027,Ahmedabad,0,0,0.1,9,₹99
BK-0027,Jaipur,0,0,0.0,9,99
BK-0027,Lucknow,3,0,0.5,6,₹99
BK-0028,Mumbai,0,0,0.4,15,599
BK-0028,Delhi,9,0,0.2,15,599
BK-0028,Bengaluru,6,0,0.5,9,599
BK-0028,Hyderabad,0,0,0.2,9,₹599
BK-0028,Chennai,28,0,0.8,15,₹599
BK-0028,Kolkata,9,0,0.7,6 days,599
BK-0028,Pune,11,4,0.5,9,₹599
BK-0028,Ahmedabad,14,5,0.6,9,599.00
BK-0028,Jaipur,0,0,0.1,6,599
BK-0028,Lucknow,1,0,0.1,6,599.00
BK-0029,Mumbai,8,0,0.6,6,₹249
BK-0029,Delhi,24,0,0.5,15,249
BK-0029,Bengaluru,3,1,0.3,6,Rs. 249
BK-0029,Hyderabad,2,0,0.2,9,249
BK-0029,Chennai, 1 ,0,0.1,6,Rs. 249
BK-0029,Kolkata,3,0,0.7,9,Rs. 249
BK-0029,Pune,1,0,0.6,9,₹249
BK-0029,Ahmedabad,0,2,0.3,9,249
BK-0029,Jaipur,7,0,0.8,6,Rs. 249
BK-0029,Lucknow,8,3,,9,249
BK-0030,Mumbai,4.5,0,0.1,15,₹599
BK-0030,Delhi,1,0,0.4,6,Rs. 599
BK-0030,Bengaluru,4,0,0.3,15,599
BK-0030,Hyderabad,3,0,0.8,9,₹599
BK-0030,Chennai,3,0,0.4,9,₹599
BK-0030,Kolkata, 12 ,0,0.6,15,₹599
BK-0030,Pune,3,6,0.8,6,599
BK-0030,Ahmedabad, 7 ,3,0.5,9,₹599
BK-0030,Jaipur,8,4,0.6,9,599
BK-0030,Lucknow,1, 9 ,0.8,15,Rs. 599
BK-0031,Mumbai,16,0,0.8,6,₹399
BK-0031,Delhi,0,0,0.1,9,₹399
BK-0031,Bengaluru,5,0,0.4,15,399
BK-0031,Hyderabad,2,0,0.1,9,₹399
BK-0031,Chennai,12,0,0.8,6,399
BK-0031,Kolkata,5,0,0.4,9,399
BK-0031,Pune,0,4,0.6,9,₹399
BK-0031,Ahmedabad,16,0,0.8,9,399
BK-0031,Jaipur,6,0,0.3,15,399
BK-0031,Lucknow,2,0,0.2,9,399
BK-0032,Mumbai,-9,0,0.7,6,149
BK-0032,Delhi,5,0,0.3,15,149
BK-0032,Bengaluru,28,0,0.6,15,Rs. 149
BK-0032,Hyderabad,12,0,0.8,6,₹149
BK-0032,Chennai,24,0,0.8,15,₹149
BK-0032,Kolkata,4,0,0.5,6,₹149
BK-0032,Pune,8,0,0.7,15,149
BK-0032,Ahmedabad,0, 1 ,0.3,6,149
BK-0032,Jaipur,1,-9,0.1,9,Rs. 149
BK-0032,Lucknow,1,0,0.4,9,149
BK-0033,Mumbai,10,0,0.4,15,Rs. 149
BK-0033,Delhi,19,0,0.6,15,₹149
BK-0033,Bengaluru,4,0,0.5,6,₹149
BK-0033,Hyderabad,5,0,0.3,15,N/A
BK-0033,Chennai,14,0,0.6,9,149.00
BK-0033,Kolkata,0,0,0.1,15,149
BK-0033,Pune,8,0,0.7,6,149
BK-0033,Ahmedabad,15,0,0.5,,149
BK-0033,Jaipur,10,3,0.8,6,149
BK-0033,Lucknow,5,5,0.5,9,149
BK-0034,Mumbai,7,0,0.4,15,149
BK-0034,Delhi,3,0,0.7,6,149
BK-0034,Bengaluru,0,0,0.0,6,149.00
BK-0034,Hyderabad,9,0,0.8,9,149
BK-0034,Chennai,3,1,0.6,6,149
BK-0034,Kolkata,6,1,0.3,9,₹149
BK-0034,Pune,2,0,0.2,15,₹149
BK-0034,Ahmedabad,7,0,0.4,15,149.00
BK-0034,Jaipur,6,0,0.3,15,149
BK-0034,Jaipur,6,0,0.3,15,149
BK-0034,Lucknow,6,0,0.4,6,149
BK-0035,Mumbai,10,3,0.5,15,₹99
BK-0035,Delhi,11,3,0.3,15,99.00
BK-0035,Bengaluru,0,0,0.1,6,99.00
BK-0035,Hyderabad,10.5,0,0.4,9,99
BK-0035,Chennai,5,0,0.3,15,₹99
BK-0035,Kolkata,8,2,0.4,9,99
BK-0035,Pune,2,0,0.7,6,99
BK-0035,Ahmedabad,6,0,0.9,6,99
BK-0035,Jaipur,17,0,0.5,15,99.00
BK-0035,Lucknow,7,0,0.9,9,₹99
BK-0036,Mumbai,4,3,0.6,6,₹99
BK-0036,Delhi,0,0,0.0,15,99
,Bengaluru,12,0,0.4,15,99
BK-0036,Hyderabad,2,5,0.7,9,Rs. 99
BK-0036,Chennai,2,0,0.2,6 days,₹99
BK-0036,Kolkata,2,0,0.2,6,99
BK-0036,Pune,2,1,0.1,15,Rs. 99
BK-0036,Ahmedabad,5,0,0.4,9,99
BK-0036,Jaipur,9,0,0.3,9,₹99
BK-0036,Lucknow,7,0,0.9,6,₹99
BK-0037,Mumbai,4,0,0.7,6,Rs. 149
BK-0037,Delhi,2,0,0.4,6,149
BK-0037,Bengaluru,11,0,0.3,15,149
BK-0037,Hyderabad,0,0,0.1,6,₹149
BK-0037,Chennai,13,0,0.8,6,₹149
BK-0037,Kolkata,17,0,0.5,15,149
BK-0037,Pune,0,2,0.4,9,149.00
BK-0037,Ahmedabad,15,12,0.9,15,149
BK-0037,Jaipur, 5 ,0,0.2,9,149.00
BK-0037,Lucknow,4,0,0.1,15,Rs. 149
BK-0038,Mumbai,6,3,0.2,15,599
BK-0038,Delhi,0,12,0.8,15,Rs. 599
BK-0038,Bengaluru,3,0,,9,₹599
BK-0038,Hyderabad,0,0,0.0,6,599
BK-0038,Chennai,0,0,0.0,9,Rs. 599
BK-0038,Kolkata,7,0,0.3,9,599
BK-0038,Pune,12,6,0.9,15,599.00
BK-0038,Ahmedabad,0,0,0.2,6,599
BK-0038,Jaipur,0,0,0.3,6,599.00
BK-0038,Lucknow,24,0,0.9,15,Rs. 599
BK-0039,Mumbai,6,0,0.2,15,399
BK-0039,Delhi,7,0,0.8,9,399
BK-0039,Bengaluru,8,0,0.8,9,N/A
BK-0039,Hyderabad,2,0,0.2,15,₹399
BK-0039,Chennai,3,0,0.2,6,Rs. 399
BK-0039,Kolkata, 12 ,0,0.8,9,399
BK-0039,Pune,1,0,0.1,9,399.00
BK-0039,Ahmedabad,10,3,0.6,6,399
BK-0039,Jaipur,8,0,0.4,9,₹399
BK-0039,Lucknow,0,-19,0.0,15,₹399
BK-0040,Mumbai,4,0,0.3,9,Rs. 599
BK-0040,Delhi,3,2,0.2,15,₹599
BK-0040,Bengaluru,21,3,0.5,15,599
BK-0040,Hyderabad,4,0,0.9,6,Rs. 599
BK-0040,Chennai,32,0,0.7,15,Rs. 599
BK-0040,Kolkata,6,0,0.9,6,Rs. 599
BK-0040,Pune,2.5,0,0.4,9,₹599
BK-0040,Ahmedabad,5,0,0.5,15,599
BK-0040,Jaipur,14,4,0.5,9,₹599
BK-0040,Lucknow,(5),0,0.5,15,599
BK-0041,Mumbai,25,0,0.7,,₹599
BK-0041,Delhi,19,0,0.8,9,Rs. 599
BK-0041,Bengaluru,1,0,0.3,6,599
BK-0041,Hyderabad,2,5,0.8,6,Rs. 599
BK-0041,Chennai, 0 ,2,0.3,6,599
BK-0041,Kolkata,4,0,0.1,15,599
BK-0041,Pune, 4 ,0,0.4,6,599
BK-0041,Ahmedabad,4,0,0.3,6,599
BK-0041,Jaipur,4,5,0.3,15,599
BK-0041,Lucknow,0,0,0.1,6,599.00
BK-0042,Mumbai,5,0,0.3,6,₹99
BK-0042,Delhi,12,0,0.8,6,₹99
BK-0042,Bengaluru,2,0,0.4,9,Rs. 99
BK-0042,Hyderabad, 1 ,0,0.2,15,Rs. 99
BK-0042,Chennai,7,7,0.4,15,99
BK-0042,Kolkata,2,0,0.1,9,99
BK-0042,Pune,2,0,0.6,6,99
BK-0042,Ahmedabad,0,0,0.5,9,Rs. 99
BK-0042,Jaipur,0,0,0.1,15,₹99
BK-0042,Lucknow,6,0,0.4,6,₹99
BK-0043,Mumbai,12,0,0.5,9,99
BK-0043,Delhi,6,0,0.4,15,₹99
BK-0043,Bengaluru,0,0,0.1,6,₹99
BK-0043,Hyderabad,10,0,0.7,6,Rs. 99
BK-0043,Chennai,15,0,0.9,15,99
BK-0043,Kolkata,3,1,0.5,6,₹99
BK-0043,Pune,0,0,0.1,15,99.00
BK-0043,Ahmedabad,2,0,0.1,15,99
BK-0043,Jaipur,7,0,0.3,9,₹99
BK-0043,Lucknow,2,0,0.1,9,99
BK-0044,Mumbai,1,0,0.2,6,Rs. 149
BK-0044,Delhi,10,0,0.6,9,Rs. 149
BK-0044,Bengaluru,2,0,0.1,15,149
BK-0044,Hyderabad,0,0,0.0,9 days,149.00
BK-0044,Chennai,11,0,0.6,9,₹149
BK-0044,Kolkata,7,0,0.8,15,149
BK-0044,Kolkata,7,0,0.8,15,149
BK-0044,Pune,5,0,0.6,6,149
BK-0044,Ahmedabad, 0 ,0,0.0,9,Rs. 149
BK-0044,Jaipur,41,0,0.9,15,149
BK-0044,Lucknow,16,0,0.9,6,Rs. 149
BK-0045,Mumbai,11,0,0.5,15,₹249
BK-0045,Delhi,4,0,0.3,6,N/A
BK-0045,Bengaluru,31,12,0.7,15,249.00
BK-0045,Hyderabad,6,0,0.2,9,249.00
BK-0045,Chennai,16,0,0.9,6,249
BK-0045,Kolkata,18,9,0.5,15,₹249
BK-0045,Pune,12,4,0.8,6,249
BK-0045,Ahmedabad,3,0,0.2,15,₹249
BK-0045,Jaipur,8,0,0.6,6,249
BK-0045,Lucknow,1.5, 1 ,0.1,9,249
BK-0046,Mumbai,0,0,0.1,9,99
BK-0046,Delhi,11,2,0.5,9,99
BK-0046,Bengaluru,1,0,0.5,9,99
,Hyderabad,0,0,0.4,6,99.00
BK-0046,Chennai,2,0,0.4,6,₹99
BK-0046,Kolkata,17,0,,9,99
BK-0046,Pune,1,0,0.1,6,99
BK-0046,Ahmedabad,6, 3 ,0.3,9,99.00
BK-0046,Jaipur,2,0,0.2,6,99.00
BK-0046,Lucknow,30,0,0.6,15,₹99
BK-0047,Mumbai,3,-2,0.4,15,₹99
BK-0047,Delhi,17,0,0.8,9,99
BK-0047,Bengaluru,21,11,0.9,15,₹99
BK-0047,Hyderabad,3,0,0.2,9,₹99
BK-0047,Chennai,18,7,0.6,15,Rs. 99
BK-0047,Kolkata,0,0,0.2,6,99.00
BK-0047,Pune,9,0,0.5,6,99
BK-0047,Ahmedabad,18,0,0.8,15,₹99
BK-0047,Jaipur,0,0,0.7,9,₹99
BK-0047,Lucknow,0,0,0.0,6,Rs. 99
BK-0048,Mumbai,5, 4 ,0.3,15,₹599
BK-0048,Delhi,9,5,0.7,9,599.00
BK-0048,Bengaluru, 16 ,0,0.6,9,599
BK-0048,Hyderabad,2,0,0.1,,599.00
BK-0048,Chennai,3,0,0.1,15,599
BK-0048,Kolkata,1,0,0.1,6,₹599
BK-0048,Pune,36,0,0.9,15,₹599
BK-0048,Ahmedabad,2,0,0.3,9,₹599
BK-0048,Jaipur,3,0,0.2,9,599.00
BK-0048,Lucknow,6,0,0.5,9,₹599
BK-0049,Mumbai,2,0,0.8,6,₹399
BK-0049,Delhi,6,0,0.4,6,399.00
BK-0049,Bengaluru,1,1,0.1,9,Rs. 399
BK-0049,Hyderabad,4,0,0.4,9,399
BK-0049,Chennai,2,0,0.3,6,₹399
BK-0049,Kolkata,8,0,0.3,9,399
BK-0049,Pune,1,0,0.1,9,399.00
BK-0049,Ahmedabad,7,0,0.3,15,399
BK-0049,Jaipur,-6,0,0.8,6,399.00
BK-0049,Lucknow,0,1,0.1,15,399
BK-0050,Mumbai,9,0,0.5,6,99
BK-0050,Delhi,15,0,0.7,15,99
BK-0050,Bengaluru,1,0,0.7,6,Rs. 99
BK-0050,Hyderabad,16,0,0.5,15,99
BK-0050,Chennai,1,0,0.3,9,Rs. 99
BK-0050,Kolkata,2,0,0.3,15,99
BK-0050,Pune,14,0,0.6,9,₹99
BK-0050,Ahmedabad,7,0,0.2,15,Rs. 99
BK-0050,Jaipur,10,14,0.8,15,₹99
BK-0050,Lucknow,0,0,0.1,6,₹99
BK-0051,Mumbai,3,1,0.2,9,N/A
BK-0051,Delhi,2,7,0.7,9,599
BK-0051,Bengaluru,21.5,0,0.8,15,599
BK-0051,Hyderabad,7,0,0.5,6,Rs. 599
BK-0051,Chennai,12,0,0.6,15,599
BK-0051,Kolkata,0,0,0.0,6,599.00
BK-0051,Pune, 11 ,0,0.3,15,599
BK-0051,Ahmedabad,28,0,0.6,15,599.00
BK-0051,Jaipur,2,0,0.4,9,₹599
BK-0051,Lucknow,19,0,0.6,15,₹599
BK-0052,Mumbai,0,3,0.5,6,99
BK-0052,Delhi,0,0,0.2,6,₹99
BK-0052,Bengaluru,36,0,0.8,15 days,Rs. 99
BK-0052,Hyderabad,9,0,0.5,6,₹99
BK-0052,Chennai,21,0,0.8,9,Rs. 99
BK-0052,Kolkata,0,0,0.1,15,99
BK-0052,Pune,0,0,0.3,6,99
BK-0052,Ahmedabad,13,0,0.4,15,₹99
BK-0052,Jaipur,4,0,0.4,15,Rs. 99
BK-0052,Lucknow,3,0,0.6,9,₹99
BK-0053,Mumbai,11,4,0.8,6,249
BK-0053,Delhi,0,0,0.3,15,Rs. 249
BK-0053,Bengaluru,20,0,0.8,9,249
BK-0053,Hyderabad, 2 ,0,0.1,15,249
BK-0053,Chennai,6,0,0.4,6,249
BK-0053,Kolkata,0,0,0.0,6,249
BK-0053,Pune,2,0,0.1,15,₹249
BK-0053,Ahmedabad,2,0,0.5,6,249.00
BK-0053,Jaipur,8,0,0.8,15,Rs. 249
BK-0053,Lucknow,18,0,0.6,15,249
BK-0054,Mumbai,33,9,0.7,15,399
BK-0054,Delhi,0,-16,0.0,15,399
BK-0054,Bengaluru,0,0,0.0,6,399.00
BK-0054,Bengaluru,0,0,0.0,6,399.00
BK-0054,Hyderabad,11,0,0.7,9,Rs. 399
BK-0054,Chennai,8,0,0.5,6,₹399
BK-0054,Kolkata,5,2,0.2,9,399
BK-0054,Pune,3,0,0.6,6,399.00
BK-0054,Ahmedabad,3,0,0.3,15,399
BK-0054,Jaipur,14,0,,15,399
BK-0054,Lucknow,4,0,0.4,15,399
BK-0055,Mumbai,11,0,0.6,15,599
BK-0055,Delhi,11,0,0.4,9,₹599
BK-0055,Bengaluru,5,0,0.2,15,Rs. 599
BK-0055,Hyderabad,15,6,0.6,9,599
BK-0055,Chennai,4,0,0.8,9,₹599
BK-0055,Kolkata,1,4,0.6,6,₹599
BK-0055,Pune, 32 ,0,0.8,,599
BK-0055,Ahmedabad,8,0,0.3,15,599
BK-0055,Jaipur,0,0,0.0,9,Rs. 599
BK-0055,Lucknow,4,2,0.4,15,599.00
BK-0056,Mumbai, 5 ,0,0.4,9,₹99
BK-0056,Delhi,1,1,0.3,15,99
BK-0056,Bengaluru,8,0,0.8,9,Rs. 99
BK-0056,Hyderabad,5,0,0.2,9,Rs. 99
,Chennai,1,0,0.3,6,99
BK-0056,Kolkata,13.5,5,0.9,6,₹99
BK-0056,Pune,0,0,0.0,15,99
BK-0056,Ahmedabad,5, 2 ,0.6,9,₹99
BK-0056,Jaipur,4,0,0.6,9,Rs. 99
BK-0056,Lucknow,0,0,0.0,15,N/A
BK-0057,Mumbai,6,0,0.7,15,249
BK-0057,Delhi,4,0,0.1,15,Rs. 249
BK-0057,Bengaluru,8,0,0.4,9,₹249
BK-0057,Hyderabad,14,0,0.7,6,249
BK-0057,Chennai,2,0,0.2,6,₹249
BK-0057,Kolkata,8,0,0.8,15,249
BK-0057,Pune,0,0,0.5,9,249
BK-0057,Ahmedabad,10,0,0.8,6,₹249
BK-0057,Jaipur,3,0,0.1,9,Rs. 249
BK-0057,Lucknow,35,0,0.8,15,249
BK-0058,Mumbai,0,0,0.1,15,Rs. 599
BK-0058,Delhi,0,0,0.0,6,599
BK-0058,Bengaluru,15,0,0.6,9,599
BK-0058,Hyderabad,0,0,0.8,6,₹599
BK-0058,Chennai,1,0,0.5,15,599
BK-0058,Kolkata,0,0,0.0,15,599
BK-0058,Pune,5,0,0.6,9,Rs. 599
BK-0058,Ahmedabad,(6),14,0.7,15,Rs. 599
BK-0058,Jaipur,23,0,0.6,15,₹599
BK-0058,Lucknow,14,0,0.5,15,₹599
BK-0059,Mumbai,12,8,0.9,15,99.00
BK-0059,Delhi,3,0,0.3,15,99
BK-0059,Bengaluru,16,4,0.7,9,₹99
BK-0059,Hyderabad,4,0,0.3,6,₹99
BK-0059,Chennai,3,0,0.2,6,99.00
BK-0059,Kolkata,0,0,0.2,6,99
BK-0059,Pune,13,0,0.8,15,Rs. 99
BK-0059,Ahmedabad,0,0,0.0,6,Rs. 99
BK-0059,Jaipur,1,0,0.1,15,99
BK-0059,Lucknow, 16 ,0,0.8,9,99.00
BK-0060,Mumbai,1,0,0.2,9,399.00
BK-0060,Delhi,2,0,0.1,15 days,₹399
BK-0060,Bengaluru,6,4,0.3,15,Rs. 399
BK-0060,Hyderabad,5,0,0.6,6,399.00
BK-0060,Chennai,0,0,0.2,9,399.00
BK-0060,Kolkata,0,0,0.0,9,Rs. 399
BK-0060,Pune, 0 ,0,0.4,6,₹399
BK-0060,Ahmedabad,1,1,0.2,6,399
BK-0060,Jaipur,6,0,0.4,6,399
BK-0060,Lucknow,3,0,0.1,15,₹399
BK-0061,Mumbai,13,0,0.4,15,Rs. 599
BK-0061,Delhi,10,4,0.5,9,599
BK-0061,Bengaluru,12,-12,0.8,15,Rs. 599
BK-0061,Hyderabad,2,0,0.9,15,599
BK-0061,Chennai,5,0,0.3,15,599
BK-0061,Kolkata,7,0,0.8,9,599
BK-0061,Pune,3,0,0.3,9,₹599
BK-0061,Ahmedabad,13,0,0.6,15,₹599
BK-0061,Jaipur,0.5,0,0.1,9,599
BK-0061,Lucknow,9,0,0.6,6,Rs. 599
BK-0062,Mumbai,1,0,0.1,9,₹599
BK-0062,Delhi,24,0,0.6,15,₹599
BK-0062,Bengaluru,3,0,0.4,6,Rs. 599
BK-0062,Hyderabad,3,0,0.7,15,599
BK-0062,Chennai,0,0,0.0,15,Rs. 599
BK-0062,Kolkata,6,0,0.6,9,599
BK-0062,Pune,5,0,0.8,6,Rs. 599
BK-0062,Ahmedabad,20,0,0.8,9,₹599
BK-0062,Jaipur,1,0,0.2,6,N/A
BK-0062,Lucknow,7,0,0.3,,₹599
BK-0063,Mumbai,4,0,0.2,9,₹599
BK-0063,Delhi,11,0,,15,₹599
BK-0063,Bengaluru,0,0,0.0,9,599
BK-0063,Hyderabad,1,0,0.2,6,599.00
BK-0063,Chennai,13,0,0.8,6,599
BK-0063,Kolkata,2,0,0.4,6,₹599
BK-0063,Pune,3,0,0.2,6,₹599
BK-0063,Ahmedabad,10,5,0.8,9,599
BK-0063,Jaipur,2,0,0.1,15,₹599
BK-0063,Lucknow,10,0,0.6,9,599.00
BK-0063,Lucknow,10,0,0.6,9,599.00
BK-0064,Mumbai,8,0,0.3,15,₹149
BK-0064,Delhi,11,0,0.9,6,₹149
BK-0064,Bengaluru,8,2,0.5,9,149.00
BK-0064,Hyderabad,0,0,0.1,6,149
BK-0064,Chennai,4,0,0.3,6,149
BK-0064,Kolkata,18,5,0.4,15,149.00
BK-0064,Pune,0,0,0.0,15,₹149
BK-0064,Ahmedabad,0,0,0.0,9,₹149
BK-0064,Jaipur,12,0,0.7,9,149
BK-0064,Lucknow,11,0,0.8,9,Rs. 149
BK-0065,Mumbai,13,13,0.7,15,149.00
BK-0065,Delhi,4,0,0.2,15,₹149
BK-0065,Bengaluru,8,7,0.4,15,Rs. 149
BK-0065,Hyderabad,11,4,0.4,15,Rs. 149
BK-0065,Chennai, 2 ,0,0.1,15,₹149
BK-0065,Kolkata,0,0,0.5,6,149
BK-0065,Pune,4,0,0.4,15,₹149
BK-0065,Ahmedabad,4,0,0.7,6,149
BK-0065,Jaipur,0,0,0.5,9,149
BK-0065,Lucknow,0,0,0.0,6,149
BK-0066,Mumbai,11,0,0.4,9,Rs. 599
BK-0066,Delhi,7,0,0.8,6,₹599
BK-0066,Bengaluru, 0 ,0,0.0,15,599
BK-0066,Hyderabad,1,0,0.5,6,Rs. 599
BK-0066,Chennai,8,0,0.5,9,₹599
,Kolkata,0,0,0.1,6,₹599
BK-0066,Pune,1,0,0.1,15,₹599
BK-0066,Ahmedabad,3,0,0.5,6,₹599
BK-0066,Jaipur,0,0,0.0,15,₹599
BK-0066,Lucknow,1,1,0.2,15,₹599
BK-0067,Mumbai,11,0,0.7,6,₹399
BK-0067,Delhi,17.5,4,0.4,15,399.00
BK-0067,Bengaluru,9,0,0.8,6,399
BK-0067,Hyderabad,1,0,0.1,15,₹399
BK-0067,Chennai,0,0,0.3,9,Rs. 399
BK-0067,Kolkata,0,0,0.2,6,Rs. 399
BK-0067,Pune,(8),0,0.1,15,₹399
BK-0067,Ahmedabad,39,6,0.8,15,399
BK-0067,Jaipur, 8 ,0,0.4,9,399
BK-0067,Lucknow,5,0,0.9,6,₹399
BK-0068,Mumbai,2,0,0.6,9 days,Rs. 399
BK-0068,Delhi,1,0,0.1,9,₹399
BK-0068,Bengaluru,2,0,0.2,6,399
BK-0068,Hyderabad, 0 ,-1,0.0,6,399
BK-0068,Chennai,1,0,0.1,9,₹399
BK-0068,Kolkata,1,0,0.1,15,399.00
BK-0068,Pune, 20 ,0,0.8,9,399.00
BK-0068,Ahmedabad,7,0,0.5,9,N/A
BK-0068,Jaipur,11,10,0.9,15,399
BK-0068,Lucknow,1,0,0.2,6,399
BK-0069,Mumbai,3,0,0.6,6,₹149
BK-0069,Delhi,11,0,0.5,9,149
BK-0069,Bengaluru,23,0,0.6,15,₹149
BK-0069,Hyderabad,3,0,0.2,6,149
BK-0069,Chennai,1,5,0.9,9,149.00
BK-0069,Kolkata,8,0,0.6,6,Rs. 149
BK-0069,Pune,3,3,0.5,6,149.00
BK-0069,Ahmedabad,0,0,0.7,6,₹149
BK-0069,Jaipur,12,15,0.8,15,149.00
BK-0069,Lucknow,11,0,0.8,6,149.00
BK-0070,Mumbai,0,0,0.0,15,₹399
BK-0070,Delhi,3,0,0.2,6,399
BK-0070,Bengaluru,0,0,0.4,,399.00
BK-0070,Hyderabad, 39 ,0,0.8,15,Rs. 399
BK-0070,Chennai,15,9,0.9,9,399
BK-0070,Kolkata,12,0,0.4,9,Rs. 399
BK-0070,Pune,11,5,0.3,15,399
BK-0070,Ahmedabad,5,2,0.4,9,399.00
BK-0070,Jaipur,12,0,0.8,15,₹399
BK-0070,Lucknow,6,0,0.7,15,₹399
BK-0071,Mumbai, 7 ,0,0.7,6,99
BK-0071,Delhi,7,0,0.7,9,Rs. 99
BK-0071,Bengaluru,0,1,0.2,9,99
BK-0071,Hyderabad,5,0,0.9,9,₹99
BK-0071,Chennai,3,0,,6,99
BK-0071,Kolkata,0,0,0.4,15,Rs. 99
BK-0071,Pune, 0 ,0,0.7,6,99
BK-0071,Ahmedabad,2,0,0.3,9,99.00
BK-0071,Jaipur,8,0,0.9,6,99.00
BK-0071,Lucknow,2,0,0.1,15,99
BK-0072,Mumbai,2,0,0.8,9,₹99
BK-0072,Delhi, 16 ,0,0.5,15,99.00
BK-0072,Bengaluru,4,0,0.5,6,Rs. 99
BK-0072,Hyderabad,1,1,0.3,6,99
BK-0072,Chennai,5.5,0,0.4,15,99
BK-0072,Kolkata,27,10,0.6,15,₹99
BK-0072,Pune,0,0,0.1,9,99
BK-0072,Ahmedabad,2,2,0.6,6,₹99
BK-0072,Jaipur, 0 ,0,0.0,15,99
BK-0072,Lucknow,7,0,0.6,6,99
BK-0073,Mumbai,6,3,0.3,9,99
BK-0073,Delhi,0,0,0.0,9,99
BK-0073,Bengaluru,1,0,0.1,6,99
BK-0073,Hyderabad,0,0,0.1,9,₹99
BK-0073,Chennai,3,0,0.4,9,₹99
BK-0073,Kolkata,0,0,0.8,6,₹99
BK-0073,Pune,0,0,0.0,9,Rs. 99
BK-0073,Pune,0,0,0.0,9,Rs. 99
BK-0073,Ahmedabad,3,0,0.2,6,99
BK-0073,Jaipur,3,0,0.4,6,99
BK-0073,Lucknow,8,0,0.8,9,99
BK-0074,Mumbai,4,0,0.4,6,399.00
BK-0074,Delhi,2,0,0.2,9,₹399
BK-0074,Bengaluru,10,2,0.6,6,Rs. 399
BK-0074,Hyderabad,6,1,0.2,9,399
BK-0074,Chennai,0,0,0.4,6,399.00
BK-0074,Kolkata,4,0,0.4,6,399
BK-0074,Pune,16,0,0.9,9,N/A
BK-0074,Ahmedabad,5,0,0.8,9,399
BK-0074,Jaipur,15,0,0.7,9,399.00
BK-0074,Lucknow,1,0,0.4,6,399
BK-0075,Mumbai,1,0,0.8,9,₹99
BK-0075,Delhi,13,0,0.7,6,99
BK-0075,Bengaluru,2,0,0.1,9,99
BK-0075,Hyderabad,2,3,0.3,9,99
BK-0075,Chennai,0,-7,0.0,6,99
BK-0075,Kolkata,0,0,0.1,6,99.00
BK-0075,Pune,3,0,0.3,15,₹99
BK-0075,Ahmedabad,15,0,0.8,6,99
BK-0075,Jaipur,20,0,0.8,15,99
BK-0075,Lucknow,1,0,0.4,15 days,₹99
BK-0076,Mumbai,3,0,0.1,15,249
BK-0076,Delhi,0,0,0.6,9,₹249
BK-0076,Bengaluru,2,0,0.2,6,249
BK-0076,Hyderabad, 0 ,0,0.1,9,₹249
BK-0076,Chennai,11,9,0.6,15,249
BK-0076,Kolkata,(7),0,0.1,6,₹249
,Pune,3,3,0.5,6,₹249
BK-0076,Ahmedabad,9,0,0.4,15,₹249
BK-0076,Jaipur,0,0,0.2,6,Rs. 249
BK-0076,Lucknow,4,0,0.2,9,249.00
BK-0077,Mumbai,3,0,0.4,6,₹399
BK-0077,Delhi,15,0,0.3,15,399
BK-0077,Bengaluru,13,0,0.5,9,399
BK-0077,Hyderabad,8,3,0.4,15,₹399
BK-0077,Chennai,19,0,0.7,9,399
BK-0077,Kolkata, 0 ,0,0.0,,Rs. 399
BK-0077,Pune,0,0,0.1,6,399
BK-0077,Ahmedabad,10.5,0,0.5,15,₹399
BK-0077,Jaipur,8,0,0.5,6,₹399
BK-0077,Lucknow,8,0,0.6,15,399
BK-0078,Mumbai,14,0,0.3,15,Rs. 99
BK-0078,Delhi,22,0,0.5,15,99
BK-0078,Bengaluru,3,2,0.4,9,Rs. 99
BK-0078,Hyderabad,0,0,0.3,6,99
BK-0078,Chennai,10,6,0.9,6,₹99
BK-0078,Kolkata,2,0,0.1,15,99
BK-0078,Pune,10,0,0.5,15,99
BK-0078,Ahmedabad,0,0,0.2,6,₹99
BK-0078,Jaipur,2,0,0.8,15,99
BK-0078,Lucknow,6,2,0.2,15,99.00
BK-0079,Mumbai,3,0,0.7,6,249.00
BK-0079,Delhi,1,0,0.4,6,249
BK-0079,Bengaluru,14,0,0.4,15,249
BK-0079,Hyderabad,2,0,0.3,6,₹249
BK-0079,Chennai,8,0,0.9,15,249
BK-0079,Kolkata,3,0,0.7,6,₹249
BK-0079,Pune,5,0,0.4,6,249
BK-0079,Ahmedabad,0,0,,15,249
BK-0079,Jaipur,29,0,0.6,15,249
BK-0079,Lucknow,17,0,0.7,15,₹249
BK-0080,Mumbai,5,0,0.4,9,₹599
BK-0080,Delhi,7,6,0.6,9,599
BK-0080,Bengaluru,0,0,0.0,15,₹599
BK-0080,Hyderabad,17,5,0.6,9,599
BK-0080,Chennai,0,0,0.3,15,₹599
BK-0080,Kolkata,0,0,0.5,9,N/A
BK-0080,Pune,7,0,0.7,15,₹599
BK-0080,Ahmedabad,4,0,0.1,15,599
BK-0080,Jaipur,4,0,0.2,9,₹599
BK-0080,Lucknow,7,0,0.3,15,599
BK-0081,Mumbai,1,0,0.1,9,Rs. 599
BK-0081,Delhi,3,4,0.6,6,₹599
BK-0081,Bengaluru,14,0,0.8,15,Rs. 599
BK-0081,Hyderabad,13,0,0.6,15,599
BK-0081,Chennai, 44 ,0,0.9,15,₹599
BK-0081,Kolkata,0,0,0.1,9,599.00
BK-0081,Pune, 33 ,0,0.8,15,₹599
BK-0081,Ahmedabad,1,2,0.1,15,₹599
BK-0081,Jaipur,22,0,0.7,15,599
BK-0081,Lucknow,2,0,0.4,15,599
BK-0082,Mumbai,6,0,0.4,15,399
BK-0082,Delhi,2,0,0.7,9,₹399
BK-0082,Bengaluru,4,0,0.4,15,₹399
BK-0082,Hyderabad,9,0,0.4,9,₹399
BK-0082,Chennai,1,0,0.1,9,399
BK-0082,Kolkata,27,-14,0.8,15,₹399
BK-0082,Pune,6,0,0.2,15,399
BK-0082,Ahmedabad,0,3,0.9,9,399
BK-0082,Jaipur,3,3,0.7,9,399
BK-0082,Lucknow,10,0,0.5,15,₹399
BK-0083,Mumbai,4.5,0,0.5,15,₹99
BK-0083,Delhi,11,0,0.3,15,₹99
BK-0083,Bengaluru,16,0,0.9,6,99.00
BK-0083,Hyderabad,9,3,0.9,6,₹99
BK-0083,Hyderabad,9,3,0.9,6,₹99
BK-0083,Chennai,11,0,0.4,9,99
BK-0083,Kolkata,2,0,0.2,15,99
BK-0083,Pune,4,0,0.3,6,99
BK-0083,Ahmedabad,4,0,0.1,15,99
BK-0083,Jaipur,11,0,0.8,6 days,99
BK-0083,Lucknow,0,0,0.0,9,99
BK-0084,Mumbai,5,3,0.2,15,399
BK-0084,Delhi,0,0,0.3,15,Rs. 399
BK-0084,Bengaluru,0,0,0.0,9,399
BK-0084,Hyderabad,9,0,0.4,9,₹399
BK-0084,Chennai,4,4,0.7,6,Rs. 399
BK-0084,Kolkata,5,0,0.4,6,₹399
BK-0084,Pune,1,2,0.5,6,₹399
BK-0084,Ahmedabad,4,0,0.5,6,399
BK-0084,Jaipur,22,0,0.8,,₹399
BK-0084,Lucknow,3,9,0.5,15,399
BK-0085,Mumbai,9,0,0.5,6,99
BK-0085,Delhi,5,0,0.5,9,99
BK-0085,Bengaluru,4,0,0.5,9,₹99
BK-0085,Hyderabad,10,0,0.9,15,Rs. 99
BK-0085,Chennai,-1,0,0.5,9,₹99
BK-0085,Kolkata,4,0,0.7,9,99
BK-0085,Pune,0,0,0.4,6,₹99
BK-0085,Ahmedabad,7,0,0.3,9,99
BK-0085,Jaipur, 4 ,0,0.2,15,99
BK-0085,Lucknow,1,0,0.1,6,₹99
BK-0086,Mumbai,3,0,0.8,9,₹149
BK-0086,Delhi,10,0,0.8,6,149.00
BK-0086,Bengaluru,3,0,0.5,9,₹149
BK-0086,Hyderabad,4,0,0.8,6,₹149
BK-0086,Chennai,0,0,0.0,9,N/A
BK-0086,Kolkata,44,0,0.9,15,149.00
BK-0086,Pune,0,0,0.1,9,149.00
,Ahmedabad,1,0,0.1,6,₹149
BK-0086,Jaipur,7,0,0.5,9,₹149
BK-0086,Lucknow,0,0,0.0,15,149
BK-0087,Mumbai,44,16,0.9,15,249.00
BK-0087,Delhi,12,0,0.6,9,₹249
BK-0087,Bengaluru,12,0,0.5,15,249
BK-0087,Hyderabad,2,0,0.5,9,249
BK-0087,Chennai,0,0,0.0,9,249
BK-0087,Kolkata,3,0,0.3,15,₹249
BK-0087,Pune,0,0,0.0,15,₹249
BK-0087,Ahmedabad,9,0,0.6,15,₹249
BK-0087,Jaipur,3, 2 ,0.4,15,₹249
BK-0087,Lucknow,8,0,0.5,6,Rs. 249
BK-0088,Mumbai,9,0,,15,599
BK-0088,Delhi,0,0,0.0,6,599
BK-0088,Bengaluru,6,0,0.6,9,599
BK-0088,Hyderabad,0.5,0,0.0,15,599
BK-0088,Chennai,24,0,0.7,15,₹599
BK-0088,Kolkata,5,0,0.8,6,599.00
BK-0088,Pune,14,0,0.8,9,599
BK-0088,Ahmedabad,24,0,0.9,9,599.00
BK-0088,Jaipur,1,0,0.9,9,Rs. 599
BK-0088,Lucknow,2,0,0.6,15,599
BK-0089,Mumbai,4,0,0.8,6,99
BK-0089,Delhi,7,3,0.4,15,Rs. 99
BK-0089,Bengaluru,5,0,0.5,6,99
BK-0089,Hyderabad,9,0,0.4,9,₹99
BK-0089,Chennai,1,0,0.2,9,₹99
BK-0089,Kolkata,1,0,0.3,15,Rs. 99
BK-0089,Pune,0,-19,0.0,15,₹99
BK-0089,Ahmedabad,12,0,0.3,15,₹99
BK-0089,Jaipur,3,1,0.2,6,₹99
BK-0089,Lucknow,7,0,0.5,6,Rs. 99
BK-0090,Mumbai,7,3,0.3,15,₹99
BK-0090,Delhi, 1 ,17,0.9,15,₹99
BK-0090,Bengaluru,6,0,0.4,15,Rs. 99
BK-0090,Hyderabad,0,0,0.0,15,₹99
BK-0090,Chennai,37,8,0.8,15,₹99
BK-0090,Kolkata,9, 11 ,0.6,15,99
BK-0090,Pune,2,0,0.3,15,99
BK-0090,Ahmedabad,0,0,0.2,6,₹99
BK-0090,Jaipur,11,0,0.5,15,₹99
BK-0090,Lucknow,9,0,0.5,6,99
BK-0091,Mumbai,10,0,0.6,15,399
BK-0091,Delhi,1,1,0.3,6,399
BK-0091,Bengaluru,13,0,0.8,6,399
BK-0091,Hyderabad, 5 ,0,0.3,6,399
BK-0091,Chennai,10,3,0.5,9,₹399
BK-0091,Kolkata,2,0,0.1,15,₹399
BK-0091,Pune,18,0,0.4,15,399
BK-0091,Ahmedabad,17,0,0.4,15 days,399
BK-0091,Jaipur,3,0,0.7,6,399
BK-0091,Lucknow,0,0,0.3,6,Rs. 399
BK-0092,Mumbai,5,0,0.5,6,249
BK-0092,Delhi,1,0,0.1,,Rs. 249
BK-0092,Bengaluru,14, 14 ,0.8,15,₹249
BK-0092,Hyderabad,6,0,0.7,9,N/A
BK-0092,Chennai,11,5,0.7,6,Rs. 249
BK-0092,Kolkata,0,0,0.1,6,₹249
BK-0092,Pune,13,0,0.7,15,249
BK-0092,Ahmedabad,1,1,0.3,6,₹249
BK-0092,Jaipur,2,0,0.9,15,Rs. 249
BK-0092,Lucknow,2,0,0.2,9,₹249
BK-0093,Mumbai,0,0,0.8,6,399
BK-0093,Mumbai,0,0,0.8,6,399
BK-0093,Delhi,12,0,0.9,6,399
BK-0093,Bengaluru,0,3,0.6,9,399
BK-0093,Hyderabad,0,0,0.1,9,₹399
BK-0093,Chennai,25,0,0.6,15,399
BK-0093,Kolkata,11,0,0.7,6,399
BK-0093,Pune,5.5,0,0.6,9,399.00
BK-0093,Ahmedabad,10,0,0.6,9,399
BK-0093,Jaipur, 0 ,0,0.0,6,₹399
BK-0093,Lucknow,9, 1 ,0.4,9,399
BK-0094,Mumbai,3,0,0.5,6,₹599
BK-0094,Delhi,9,0,0.9,9,₹599
BK-0094,Bengaluru,12,6,0.8,6,₹599
BK-0094,Hyderabad,(9),0,0.5,15,₹599
BK-0094,Chennai,6,0,0.8,6,599
BK-0094,Kolkata,2,0,0.5,9,599
BK-0094,Pune,11,0,0.7,9,599
BK-0094,Ahmedabad,0,0,0.0,9,599
BK-0094,Jaipur,1,0,0.4,6,₹599
BK-0094,Lucknow,5,0,0.4,9,599.00
BK-0095,Mumbai,1,0,0.3,9,99.00
BK-0095,Delhi,0,0,0.0,15,99
BK-0095,Bengaluru,28,0,0.6,15,₹99
BK-0095,Hyderabad, 3 ,0,0.3,6,99
BK-0095,Chennai,2,0,0.1,9,99
BK-0095,Kolkata,9,0,0.3,9,99
BK-0095,Pune,23,0,0.6,15,99
BK-0095,Ahmedabad,22,0,0.5,15,99
BK-0095,Jaipur,9,0,0.9,9,Rs. 99
BK-0095,Lucknow, 19 ,0,0.8,9,99
BK-0096,Mumbai,13,0,0.4,15,99
BK-0096,Delhi,3,0,0.1,15,99
BK-0096,Bengaluru,1,0,0.2,9,99.00
BK-0096,Hyderabad,15,0,,15,Rs. 99
BK-0096,Chennai,4,0,0.5,6,99
BK-0096,Kolkata,0,0,0.1,6,99
BK-0096,Pune,3,0,0.2,15,₹99
BK-0096,Ahmedabad,0,-3,0.2,6,99
,Jaipur, 6 ,0,0.5,6,Rs. 99
BK-0096,Lucknow,2,0,0.7,6,Rs. 99
BK-0097,Mumbai,14,0,0.9,9,399
BK-0097,Delhi,4,7,0.9,6,399
BK-0097,Bengaluru,13,0,0.8,6,399
BK-0097,Hyderabad,3,0,0.7,6,₹399
BK-0097,Chennai,9,0,0.7,6,₹399
BK-0097,Kolkata,7,0,0.3,9,₹399
BK-0097,Pune,2,0,0.2,9,Rs. 399
BK-0097,Ahmedabad,11,0,0.8,15,Rs. 399
BK-0097,Jaipur,11,4,0.7,6,Rs. 399
BK-0097,Lucknow,4,0,0.4,9,399.00
BK-0098,Mumbai,4,2,0.2,9,Rs. 149
BK-0098,Delhi,4,0,0.7,9,₹149
BK-0098,Bengaluru,1,0,0.9,6,N/A
BK-0098,Hyderabad,2,0,0.1,15,₹149
BK-0098,Chennai,5,0,0.6,9,149
BK-0098,Kolkata,39,0,0.9,15,₹149
BK-0098,Pune,0,0,0.0,9,Rs. 149
BK-0098,Ahmedabad,8,2,0.2,15,Rs. 149
BK-0098,Jaipur,9,1,0.4,9,149
BK-0098,Lucknow,12.5,6,0.3,15,₹149
BK-0099,Mumbai,0,0,0.0,9,99
BK-0099,Delhi,3,0,0.2,6,99
BK-0099,Bengaluru,2,0,0.3,9,₹99
BK-0099,Hyderabad,0,0,0.0,9,99
BK-0099,Chennai,17, 6 ,0.5,,Rs. 99
BK-0099,Kolkata,14,0,0.8,9,₹99
BK-0099,Pune,12,0,0.6,6 days,₹99
BK-0099,Ahmedabad, 33 ,14,0.9,15,99.00
BK-0099,Jaipur,1,1,0.1,15,₹99
BK-0099,Lucknow,3,0,0.3,15,99
BK-0100,Mumbai,0,0,0.1,6,99
BK-0100,Delhi,0,0,0.0,9,Rs. 99
BK-0100,Bengaluru, 5 ,0,0.8,9,₹99
BK-0100,Hyderabad,14,0,0.9,9,₹99
BK-0100,Chennai,12,11,0.8,15,99
BK-0100,Kolkata,7,0,0.5,15,99
BK-0100,Pune,4,0,0.4,9,₹99
BK-0100,Ahmedabad,0,0,0.0,15,99.00
BK-0100,Jaipur,5,0,0.2,9,Rs. 99
BK-0100,Lucknow,4,0,0.2,9,₹99
BK-0101,Mumbai,9,0,0.8,15,149
BK-0101,Delhi,5,0,0.4,15,149
BK-0101,Bengaluru,8,1,0.2,15,149
BK-0101,Hyderabad,19,0,0.4,15,₹149
BK-0101,Chennai,20,0,0.7,15,149
BK-0101,Kolkata, 5 ,0,0.4,6,149
BK-0101,Pune,7,0,0.6,15,149
BK-0101,Ahmedabad,0,0,0.2,6,₹149
BK-0101,Jaipur,8,8,0.4,15,149.00
BK-0101,Lucknow,9,1,0.4,9,149.00
BK-0102,Mumbai,0,0,0.4,6,Rs. 99
BK-0102,Delhi,3,0,0.4,6,₹99
BK-0102,Bengaluru,32,0,0.8,15,₹99
BK-0102,Hyderabad,1,0,0.1,6,Rs. 99
BK-0102,Chennai,0,0,0.0,15,99
BK-0102,Kolkata,2,0,0.2,6,₹99
BK-0102,Pune,1,0,0.2,6,₹99
BK-0102,Ahmedabad,13,0,0.5,9,₹99
BK-0102,Ahmedabad,13,0,0.5,9,₹99
BK-0102,Jaipur,4,1,0.3,6,₹99
BK-0102,Lucknow,0,3,0.4,6,₹99
BK-0103,Mumbai,10,3,0.2,15,399
BK-0103,Delhi,4,0,0.5,6,399
BK-0103,Bengaluru,(4),0,0.1,9,399.00
BK-0103,Hyderabad,10,0,0.9,6,399
BK-0103,Chennai,27,0,0.8,15,Rs. 399
BK-0103,Kolkata,5,5,0.6,15,Rs. 399
BK-0103,Pune,6,0,0.7,9,Rs. 399
BK-0103,Ahmedabad,4,0,0.6,6,399
BK-0103,Jaipur,1,-16,0.1,9,399
BK-0103,Lucknow,2,3,0.4,15,Rs. 399
BK-0104,Mumbai,12,0,0.7,6,99
BK-0104,Delhi,6,0,0.3,9,N/A
BK-0104,Bengaluru,11.5,7,0.6,15,99.00
BK-0104,Hyderabad, 1 ,0,0.2,6,99
BK-0104,Chennai,15,0,0.8,6,99
BK-0104,Kolkata,4,3,0.5,6,99
BK-0104,Pune,4,0,,15,99
BK-0104,Ahmedabad, 4 ,0,0.2,15,₹99
BK-0104,Jaipur,3,0,0.2,6,₹99
BK-0104,Lucknow,4,0,0.2,9,Rs. 99
BK-0105,Mumbai,30,0,0.8,15,399.00
BK-0105,Delhi,9,0,0.8,9,₹399
BK-0105,Bengaluru,1,0,0.2,6,Rs. 399
BK-0105,Hyderabad,0,0,0.2,15,Rs. 399
BK-0105,Chennai,2,0,0.2,9,399
BK-0105,Kolkata, 19 ,0,0.7,15,399.00
BK-0105,Pune,11,0,0.5,15,399.00
BK-0105,Ahmedabad,2,0,0.2,9,₹399
BK-0105,Jaipur,10,0,0.7,9,399
BK-0105,Lucknow,10,2,0.6,6,399
BK-0106,Mumbai,29,9,0.6,15,399.00
BK-0106,Delhi,18,0,0.6,15,Rs. 399
BK-0106,Bengaluru,12,0,0.9,9,399
BK-0106,Hyderabad,27,0,0.6,15,399.00
BK-0106,Chennai,7,0,0.2,15,₹399
BK-0106,Kolkata,16,0,0.8,6,399.00
BK-0106,Pune,0,0,0.0,15,Rs. 399
BK-0106,Ahmedabad, 0 ,0,0.7,,399
BK-0106,Jaipur,5,0,0.7,6,399
,Lucknow,12,0,0.3,15,₹399
BK-0107,Mumbai,0,3,0.6,6,Rs. 99
BK-0107,Delhi,0,0,0.0,9,99
BK-0107,Bengaluru,10,3,0.6,6,₹99
BK-0107,Hyderabad,4,0,0.6,6,99.00
BK-0107,Chennai, 3 ,3,0.7,6,₹99
BK-0107,Kolkata,1,3,0.3,9 days,99
BK-0107,Pune,10,0,0.4,15,99
BK-0107,Ahmedabad,23,8,0.7,15,Rs. 99
BK-0107,Jaipur,0,0,0.0,9,₹99
BK-0107,Lucknow,30,0,0.8,15,99
BK-0108,Mumbai, 0 ,0,0.0,6,149
BK-0108,Delhi,0,0,0.3,9,149.00
BK-0108,Bengaluru,12,14,0.8,15,₹149
BK-0108,Hyderabad,0,0,0.0,9,149
BK-0108,Chennai,1,0,0.1,6,149.00
BK-0108,Kolkata,0,0,0.0,15,149
BK-0108,Pune,0,0,0.1,6,149
BK-0108,Ahmedabad,15,0,0.9,15,Rs. 149
BK-0108,Jaipur,1,0,0.5,6,149.00
BK-0108,Lucknow,0,0,0.0,15,₹149
BK-0109,Mumbai,3,0,0.5,9,₹149
BK-0109,Delhi, 11 ,0,0.7,9,₹149
BK-0109,Bengaluru,2,0,0.4,9,149.00
BK-0109,Hyderabad,5,0,0.8,6,₹149
BK-0109,Chennai,7,0,0.4,15,₹149
BK-0109,Kolkata,12.5,0,0.6,15,₹149
BK-0109,Pune, 6 ,0,0.5,6,149
BK-0109,Ahmedabad,0,0,0.0,6,₹149
BK-0109,Jaipur,10,0,0.6,15,₹149
BK-0109,Lucknow, 3 ,0,0.2,15,₹149
BK-0110,Mumbai,27,0,0.9,9,N/A
BK-0110,Delhi,21,7,0.8,9,₹249
BK-0110,Bengaluru,2,0,0.1,9,249.00
BK-0110,Hyderabad,0,0,0.1,15,Rs. 249
BK-0110,Chennai,28,0,0.7,15,₹249
BK-0110,Kolkata,3,0,0.2,15,₹249
BK-0110,Pune,8,0,0.3,15,Rs. 249
BK-0110,Ahmedabad,11,0,0.9,6,249
BK-0110,Jaipur,29,12,0.7,15,₹249
BK-0110,Lucknow,6,-20,0.6,9,Rs. 249
BK-0111,Mumbai,6,0,0.6,6,₹149
BK-0111,Delhi, 8 ,0,0.7,9,Rs. 149
BK-0111,Bengaluru,9,0,0.6,9,₹149
BK-0111,Hyderabad,0,0,0.1,6,Rs. 149
BK-0111,Chennai,1,0,0.2,6,149
BK-0111,Kolkata, 17 ,0,0.8,9,149.00
BK-0111,Pune,0,0,0.0,9,₹149
BK-0111,Ahmedabad,2,0,0.2,9,149
BK-0111,Jaipur,15,0,0.4,15,149
BK-0111,Lucknow,9,0,0.6,6,Rs. 149
BK-0112,Mumbai,12,2,0.9,6,99.00
BK-0112,Delhi,-3,0,0.0,9,99.00
BK-0112,Bengaluru,7,3,0.3,9,99
BK-0112,Hyderabad,11,8,0.5,15,₹99
BK-0112,Chennai,1,1,0.1,15,99
BK-0112,Chennai,1,1,0.1,15,99
BK-0112,Kolkata,10,7,0.7,9,99
BK-0112,Pune,9,0,0.2,15,99
BK-0112,Ahmedabad,17,0,0.7,15,₹99
BK-0112,Jaipur,12,0,0.5,9,99
BK-0112,Lucknow,16,0,,9,Rs. 99
BK-0113,Mumbai,5,0,0.2,9,₹149
BK-0113,Delhi,24,0,0.5,15,₹149
BK-0113,Bengaluru,4,0,0.2,9,149
BK-0113,Hyderabad,7,0,0.5,9,₹149
BK-0113,Chennai,14, 7 ,0.6,9,149
BK-0113,Kolkata,1,0,0.8,6,149
BK-0113,Pune,2,0,0.4,6,149
BK-0113,Ahmedabad,3,1,0.4,6,149
BK-0113,Jaipur,2,0,0.7,9,Rs. 149
BK-0113,Lucknow,4,0,0.2,9,Rs. 149
BK-0114,Mumbai,0,4,0.4,,149.00
BK-0114,Delhi, 16 ,0,0.6,9,₹149
BK-0114,Bengaluru,13,0,0.5,9,149
BK-0114,Hyderabad,1,4,0.6,6,149
BK-0114,Chennai,9,3,0.6,6,₹149
BK-0114,Kolkata,1,0,0.7,9,₹149
BK-0114,Pune,4,0,0.8,9,₹149
BK-0114,Ahmedabad,5,0,0.9,15,149
BK-0114,Jaipur,1.5,0,0.2,6,₹149
BK-0114,Lucknow,0,0,0.1,9,149
BK-0115,Mumbai,19,7,0.8,9,₹149
BK-0115,Delhi,8,0,0.3,9,149.00
BK-0115,Bengaluru,5,0,0.5,6,₹149
BK-0115,Hyderabad,7,0,0.3,9,149
BK-0115,Chennai,2,0,0.4,9 days,149
BK-0115,Kolkata,0,0,0.0,15,149
BK-0115,Pune,8, 3 ,0.8,9,₹149
BK-0115,Ahmedabad,6,0,0.8,9,149
BK-0115,Jaipur,29,9,0.6,15,149
BK-0115,Lucknow,11,0,0.8,6,N/A
BK-0116,Mumbai,39,7,0.8,15,Rs. 99
BK-0116,Delhi,4,0,0.7,6,₹99
BK-0116,Bengaluru,8,0,0.4,15,99
BK-0116,Hyderabad, 0 ,0,0.0,9,₹99
BK-0116,Chennai,1,0,0.2,6,Rs. 99
BK-0116,Kolkata,1,1,0.3,6,99
BK-0116,Pune,7,9,0.5,15,₹99
BK-0116,Ahmedabad,9,1,0.3,9,₹99
BK-0116,Jaipur,18,0,0.8,9,Rs. 99
BK-0116,Lucknow,8,0,0.3,15,₹99
,Mumbai,0,0,0.0,15,99
BK-0117,Delhi,0,0,0.5,9,₹99
BK-0117,Bengaluru,0,0,0.5,6,Rs. 99
BK-0117,Hyderabad,2,0,0.2,6,99
BK-0117,Chennai,0,0,0.7,9,99.00
BK-0117,Kolkata,1,1,0.2,6,99
BK-0117,Pune,1,0,0.2,15,99
BK-0117,Ahmedabad,18,0,0.9,6,₹99
BK-0117,Jaipur,8,0,0.7,9,₹99
BK-0117,Lucknow,27,13,0.9,15,Rs. 99
BK-0118,Mumbai,0,-7,0.0,6,149
BK-0118,Delhi,0,0,0.0,9,149
BK-0118,Bengaluru, 9 ,0,0.5,9,₹149
BK-0118,Hyderabad,1,0,0.4,6,149
BK-0118,Chennai,6,2,0.3,15,₹149
BK-0118,Kolkata,32,0,0.7,15,149.00
BK-0118,Pune,11,0,0.4,9,₹149
BK-0118,Ahmedabad,6,0,0.6,9,Rs. 149
BK-0118,Jaipur,2,4,0.7,9,₹149
BK-0118,Lucknow,0,0,0.0,15,149
BK-0119,Mumbai,2,0,0.6,6,Rs. 599
BK-0119,Delhi,0,0,0.0,9,599
BK-0119,Bengaluru,2,0,0.7,6,599.00
BK-0119,Hyderabad,0,0,0.7,6,Rs. 599
BK-0119,Chennai,11,0,0.8,6,Rs. 599
BK-0119,Kolkata,3,0,0.6,6,599
BK-0119,Pune,0,0,0.2,6,599
BK-0119,Ahmedabad,1,3,0.4,6,₹599
BK-0119,Jaipur,4,0,0.1,15,599
BK-0119,Lucknow,2,3,0.7,6,599
BK-0120,Mumbai,16,0,0.6,9,399
BK-0120,Delhi,14.5,0,0.6,9,399
BK-0120,Bengaluru,2,0,0.2,9,399.00
BK-0120,Hyderabad,4,2,0.3,6,399
BK-0120,Chennai,0,0,0.0,15,₹399
BK-0120,Kolkata, 4 ,1,0.4,6,399
BK-0120,Pune,1,1,0.2,15,399
BK-0120,Ahmedabad,3,0,0.3,6,399
BK-0120,Jaipur,12,0,0.4,15,399
BK-0120,Lucknow,0,0,0.0,15,399
BK-0121,Mumbai,-2,0,0.4,6,₹599
BK-0121,Delhi,14,7,0.4,15,599
BK-0121,Bengaluru,0,0,,6,599.00
BK-0121,Hyderabad,0,0,0.0,,599
BK-0121,Chennai,2,0,0.2,6,599.00
BK-0121,Kolkata,5,0,0.3,15,599.00
BK-0121,Pune,0,0,0.7,6,599
BK-0121,Ahmedabad,9,0,0.8,6,599
BK-0121,Jaipur,2,0,0.4,6,N/A
BK-0121,Lucknow,2,0,0.2,15,599.00
BK-0122,Mumbai,6,0,0.8,6,599
BK-0122,Delhi,3,3,0.4,6,₹599
BK-0122,Delhi,3,3,0.4,6,₹599
BK-0122,Bengaluru,13,0,0.7,6,599
BK-0122,Hyderabad,1,0,0.1,6,Rs. 599
BK-0122,Chennai,0,0,0.0,9,599
BK-0122,Kolkata,4,4,0.4,9,599
BK-0122,Pune,1,0,0.1,15,599
BK-0122,Ahmedabad,23,0,0.6,15,599.00
BK-0122,Jaipur,5,0,0.8,15,599
BK-0122,Lucknow,5,0,0.3,6,₹599
BK-0123,Mumbai,3,7,0.5,15,399
BK-0123,Delhi,0,2,0.7,6,399.00
BK-0123,Bengaluru,0,0,0.1,15,₹399
BK-0123,Hyderabad,5,0,0.2,15 days,399
BK-0123,Chennai,3,0,0.4,9,399
BK-0123,Kolkata,0,0,0.1,9,399
BK-0123,Pune, 20 ,0,0.8,15,399
BK-0123,Ahmedabad, 1 ,3,0.2,15,Rs. 399
BK-0123,Jaipur,5,0,0.5,6,399
BK-0123,Lucknow,2,0,0.1,9,₹399
BK-0124,Mumbai,7,0,0.6,6,Rs. 399
BK-0124,Delhi, 8 ,0,0.8,6,399.00
BK-0124,Bengaluru, 14 ,0,0.8,9,₹399
BK-0124,Hyderabad,10,0,0.8,6,399.00
BK-0124,Chennai,0,0,0.6,9,399
BK-0124,Kolkata,6,2,0.5,6,399
BK-0124,Pune,15,0,0.8,15,Rs. 399
BK-0124,Ahmedabad,22,0,0.5,15,Rs. 399
BK-0124,Jaipur, 1 ,2,0.1,15,399
BK-0124,Lucknow,6,0,0.2,15,Rs. 399
BK-0125,Mumbai,5,0,0.6,6,Rs. 599
BK-0125,Delhi,7,-5,0.8,6,599
BK-0125,Bengaluru,5,0,0.7,9,599
BK-0125,Hyderabad,0,0,0.1,9,₹599
BK-0125,Chennai,18.5,0,0.5,15,599.00
BK-0125,Kolkata,2,0,0.5,9,599
BK-0125,Pune,3,0,0.2,6,599
BK-0125,Ahmedabad,9,0,0.5,15,599
BK-0125,Jaipur,13,5,0.8,9,599
BK-0125,Lucknow,37,0,0.8,15,599.00
BK-0126,Mumbai,10,0,0.4,9,₹249
BK-0126,Delhi,3,0,0.7,6,249
BK-0126,Bengaluru,3,0,0.5,6,₹249
BK-0126,Hyderabad,0,0,0.1,9,249
BK-0126,Chennai,20,0,0.7,9,249
BK-0126,Kolkata,0,0,0.3,6,₹249
BK-0126,Pune,5,4,0.7,6,249
BK-0126,Ahmedabad,0,0,0.0,6,249.00
BK-0126,Jaipur,29,0,0.7,15,₹249
BK-0126,Lucknow,3,0,0.1,15,₹249
BK-0127,Mumbai,1,0,0.2,6,Rs. 599
,Delhi,3,6,0.6,15,599
BK-0127,Bengaluru,29,5,0.9,15,599
BK-0127,Hyderabad,12,0,0.6,9,₹599
BK-0127,Chennai,4,0,0.6,15,599
BK-0127,Kolkata,8,0,0.7,6,599
BK-0127,Pune,4,0,0.1,15,₹599
BK-0127,Ahmedabad,7,0,0.7,15,N/A
BK-0127,Jaipur,2,0,0.6,9,599
BK-0127,Lucknow,2,1,0.6,6,599
BK-0128,Mumbai,7,0,0.6,9,99.00
BK-0128,Delhi,7,0,0.5,15,99
BK-0128,Bengaluru,6,0,0.9,6,99
BK-0128,Hyderabad,0,0,0.0,9,99
BK-0128,Chennai,6,2,0.7,6,₹99
BK-0128,Kolkata,10,0,0.7,6,99
BK-0128,Pune,0,0,0.1,,Rs. 99
BK-0128,Ahmedabad,4,0,0.2,9,99
BK-0128,Jaipur,22,0,0.6,15,₹99
BK-0128,Lucknow,1,0,0.1,15,99.00
BK-0129,Mumbai, 2 ,3,0.4,15,₹399
BK-0129,Delhi,8,0,0.5,9,Rs. 399
BK-0129,Bengaluru,7,2,0.2,15,399
BK-0129,Hyderabad,9,0,0.8,15,399
BK-0129,Chennai, 5 ,0,0.4,6,₹399
BK-0129,Kolkata,7,0,,15,399
BK-0129,Pune,0,0,0.0,9,₹399
BK-0129,Ahmedabad,10,5,0.7,6,399
BK-0129,Jaipur,6,0,0.7,6,₹399
BK-0129,Lucknow,(7),0,0.4,6,₹399
BK-0130,Mumbai,2,0,0.2,6,599.00
BK-0130,Delhi,2,0,0.4,9,599
BK-0130,Bengaluru, 12 ,0,0.7,15,599.00
BK-0130,Hyderabad,0,0,0.2,9,₹599
BK-0130,Chennai,0,0,0.0,9,₹599
BK-0130,Kolkata,12,0,0.6,9,Rs. 599
BK-0130,Pune,0,0,0.0,15,₹599
BK-0130,Ahmedabad,19.5,0,0.7,15,₹599
BK-0130,Jaipur, 1 ,2,0.2,15,₹599
BK-0130,Lucknow,14,4,0.5,15,₹599
BK-0131,Mumbai,2,0,0.6,6,399
BK-0131,Delhi,2,0,0.1,15,399
BK-0131,Bengaluru,16,0,0.9,6 days,399
BK-0131,Hyderabad,3,0,0.6,6,399.00
BK-0131,Chennai,16,6,0.4,15,399.00
BK-0131,Kolkata,28,0,0.6,15,₹399
BK-0131,Pune,1,0,0.8,15,399.00
BK-0131,Ahmedabad,3,2,0.3,9,399
BK-0131,Jaipur,13,3,0.6,9,Rs. 399
BK-0131,Jaipur,13,3,0.6,9,Rs. 399
BK-0131,Lucknow,9,0,0.9,9,399
BK-0132,Mumbai,27,0,0.8,15,249
BK-0132,Delhi,4,0,0.2,9,249
BK-0132,Bengaluru, 13 ,-18,0.9,6,Rs. 249
BK-0132,Hyderabad, 0 ,4,0.7,6,249
BK-0132,Chennai,8,0,0.4,9,249
BK-0132,Kolkata,20,6,0.8,15,249.00
BK-0132,Pune,3,0,0.6,9,249
BK-0132,Ahmedabad,7,0,0.5,9,249
BK-0132,Jaipur,3,0,0.3,6,249
BK-0132,Lucknow,5,7,0.7,9,249
BK-0133,Mumbai, 1 ,0,0.1,6,599
BK-0133,Delhi,0,0,0.2,9,₹599
BK-0133,Bengaluru,10,0,0.7,6,599
BK-0133,Hyderabad,4,0,0.6,9,599
BK-0133,Chennai,5,0,0.4,6,₹599
BK-0133,Kolkata, 11 ,4,0.8,9,599
BK-0133,Pune,2,0,0.1,15,N/A
BK-0133,Ahmedabad,8,3,0.2,15,599
BK-0133,Jaipur,2,0,0.7,9,₹599
BK-0133,Lucknow,8,0,0.5,6,599
BK-0134,Mumbai,7,0,0.3,9,249
BK-0134,Delhi,4,2,0.1,15,Rs. 249
BK-0134,Bengaluru,19,0,0.8,15,249
BK-0134,Hyderabad,39,0,0.9,15,249
BK-0134,Chennai,21,0,0.7,15,249
BK-0134,Kolkata,0,3,0.7,9,Rs. 249
BK-0134,Pune,12,0,0.6,15,249
BK-0134,Ahmedabad,2,0,0.2,6,₹249
BK-0134,Jaipur,1,0,0.1,9,₹249
BK-0134,Lucknow,11,2,0.4,9,249.00
BK-0135,Mumbai,14,2,0.7,6,₹249
BK-0135,Delhi,0,0,0.0,6,249
BK-0135,Bengaluru,8,0,0.8,15,₹249
BK-0135,Hyderabad,17,0,0.8,15,249
BK-0135,Chennai,3,2,0.4,6,₹249
BK-0135,Kolkata,7,0,0.2,15,₹249
BK-0135,Pune,3,1,0.2,9,249
BK-0135,Ahmedabad,4,0,0.4,6,249
BK-0135,Jaipur,7,0,0.5,9,249
BK-0135,Lucknow,4,0,0.4,,Rs. 249
BK-0136,Mumbai,1.5,0,0.2,6,Rs. 399
BK-0136,Delhi,10,4,0.8,9,Rs. 399
BK-0136,Bengaluru,4,0,0.9,9,₹399
BK-0136,Hyderabad,0,0,0.4,6,399
BK-0136,Chennai,0,0,0.0,9,₹399
BK-0136,Kolkata,7,0,0.4,9,399
BK-0136,Pune,1,0,0.1,6,399
BK-0136,Ahmedabad,13,0,0.5,15,Rs. 399
BK-0136,Jaipur, 6 ,0,0.3,15,₹399
BK-0136,Lucknow,11,0,0.7,6,₹399
BK-0137,Mumbai,4,0,0.8,9,149.00
BK-0137,Delhi,0,0,0.4,9,149
,Bengaluru,0,0,0.9,15,149
BK-0137,Hyderabad,1,0,0.1,6,149
BK-0137,Chennai,0,0,0.0,9,Rs. 149
BK-0137,Kolkata,4,0,0.2,9,₹149
BK-0137,Pune,9,5,0.5,15,149.00
BK-0137,Ahmedabad,22,0,0.8,9,149.00
BK-0137,Jaipur,0,7,,15,149
BK-0137,Lucknow,4,0,0.1,15,149.00
BK-0138,Mumbai,21,0,0.7,15,₹99
BK-0138,Delhi,0,0,0.0,9,99
BK-0138,Bengaluru,0,0,0.0,15,₹99
BK-0138,Hyderabad,0,0,0.4,6,₹99
BK-0138,Chennai,7,0,0.5,6,₹99
BK-0138,Kolkata,0,0,0.2,6,₹99
BK-0138,Pune,17,0,0.8,9,₹99
BK-0138,Ahmedabad,0,0,0.8,15,99
BK-0138,Jaipur,-1,0,0.0,6,99.00
BK-0138,Lucknow,11,0,0.6,6,Rs. 99
BK-0139,Mumbai, 1 ,0,0.1,6,599
BK-0139,Delhi,3,0,0.1,15 days,599.00
BK-0139,Bengaluru,0,1,0.1,15,599.00
BK-0139,Hyderabad,1,-12,0.6,9,₹599
BK-0139,Chennai,4,3,0.6,9,599
BK-0139,Kolkata,4,1,0.3,6,N/A
BK-0139,Pune,23,0,0.7,15,599
BK-0139,Ahmedabad,20,10,0.6,15,₹599
BK-0139,Jaipur,21,0,0.9,9,599.00
BK-0139,Lucknow,11,0,0.8,6,599
BK-0140,Mumbai,11,0,0.6,9,399
BK-0140,Delhi, 16 ,0,0.6,15,₹399
BK-0140,Bengaluru,3,0,0.6,6,399
BK-0140,Hyderabad,1,0,0.1,6,399
BK-0140,Chennai,1,0,0.8,9,₹399
BK-0140,Kolkata,1,0,0.1,6,399
BK-0140,Pune,3,9,0.5,15,399
BK-0140,Ahmedabad,18,0,0.4,15,399
BK-0140,Jaipur,8,3,0.2,15,₹399
BK-0140,Lucknow,9,0,0.3,15,399
BK-0141,Mumbai,4,0,0.2,9,99
BK-0141,Delhi,5,0,0.3,6,99
BK-0141,Bengaluru,28,0,0.8,15,99
BK-0141,Hyderabad,1.5,0,0.2,6,99
BK-0141,Chennai,7,0,0.2,15,99
BK-0141,Kolkata,1,0,0.5,6,99.00
BK-0141,Kolkata,1,0,0.5,6,99.00
BK-0141,Pune,11,0,0.7,6,99
BK-0141,Ahmedabad,10,0,0.9,9,99.00
BK-0141,Jaipur,4,0,0.1,15,99.00
BK-0141,Lucknow,5,4,0.3,15,₹99
BK-0142,Mumbai,11,0,0.7,15,99
BK-0142,Delhi,15,3,0.6,9,99.00
BK-0142,Bengaluru,3,0,0.2,6,Rs. 99
BK-0142,Hyderabad,5,0,0.7,6,99
BK-0142,Chennai,6,0,0.8,6,₹99
BK-0142,Kolkata,0,0,0.1,9,₹99
BK-0142,Pune,0,0,0.5,6,Rs. 99
BK-0142,Ahmedabad,15,9,0.8,9,₹99
BK-0142,Jaipur,3,0,0.3,6,99
BK-0142,Lucknow,8,0,0.3,15,99
BK-0143,Mumbai,0,0,0.0,6,₹99
BK-0143,Delhi,12,0,0.5,9,₹99
BK-0143,Bengaluru,8,1,0.5,,99
BK-0143,Hyderabad,1,0,0.8,15,99
BK-0143,Chennai,4,0,0.1,15,99
BK-0143,Kolkata,6,0,0.5,6,99
BK-0143,Pune,1,0,0.4,9,₹99
BK-0143,Ahmedabad, 5 ,0,0.7,9,Rs. 99
BK-0143,Jaipur,4,0,0.4,6,₹99
BK-0143,Lucknow,2,0,0.8,9,99
BK-0144,Mumbai,2,2,0.1,15,149
BK-0144,Delhi,0,0,0.2,6,149
BK-0144,Bengaluru,2,0,0.6,9,149
BK-0144,Hyderabad,6,0,0.3,15,149.00
BK-0144,Chennai,20,0,0.6,15,149.00
BK-0144,Kolkata,4,1,0.3,6,₹149
BK-0144,Pune,2,1,0.2,15,₹149
BK-0144,Ahmedabad,8,0,0.7,9,Rs. 149
BK-0144,Jaipur,7,10,0.7,15,₹149
BK-0144,Lucknow,1,0,0.1,15,149
BK-0145,Mumbai,0,4,0.6,6,Rs. 99
BK-0145,Delhi,1,0,0.4,6,99.00
BK-0145,Bengaluru,13,5,0.9,6,₹99
BK-0145,Hyderabad,12,12,0.8,15,99
BK-0145,Chennai,5,0,0.6,15,N/A
BK-0145,Kolkata, 6 ,0,0.2,15,99
BK-0145,Pune,1,0,0.3,6,₹99
BK-0145,Ahmedabad,1,0,0.4,9,99
BK-0145,Jaipur,9,0,0.5,6,Rs. 99
BK-0145,Lucknow,5,0,0.4,6,99.00
BK-0146,Mumbai,19,0,0.7,9,99.00
BK-0146,Delhi,2,0,,9,₹99
BK-0146,Bengaluru,1,0,0.2,6,₹99
BK-0146,Hyderabad,21,6,0.7,15,99
BK-0146,Chennai,6,-18,0.9,6,₹99
BK-0146,Kolkata,20,0,0.7,15,99
BK-0146,Pune,7.5,0,0.4,6,99
BK-0146,Ahmedabad,3,0,0.4,6,99
BK-0146,Jaipur,14,0,0.9,6,99
BK-0146,Lucknow,6,0,0.7,6,Rs. 99
BK-0147,Mumbai,13,0,0.9,15 days,Rs. 99
BK-0147,Delhi,0,0,0.0,9,99
BK-0147,Bengaluru,1,0,0.1,9,99
,Hyderabad,3,3,0.4,9,₹99
BK-0147,Chennai,24,0,0.8,15,Rs. 99
BK-0147,Kolkata,2,0,0.8,6,Rs. 99
BK-0147,Pune,6,0,0.5,9,99
BK-0147,Ahmedabad,(9),0,0.1,15,99
BK-0147,Jaipur,12,0,0.9,9,₹99
BK-0147,Lucknow,4,0,0.6,6,99.00
BK-0148,Mumbai, 2 ,3,0.2,15,599
BK-0148,Delhi,10,0,0.7,9,599
BK-0148,Bengaluru,7,0,0.7,6,599
BK-0148,Hyderabad,13,0,0.7,9,599
BK-0148,Chennai,0,0,0.1,15,599
BK-0148,Kolkata,8,0,0.4,9,Rs. 599
BK-0148,Pune,14,2,0.8,6,599
BK-0148,Ahmedabad,28,13,0.7,15,599
BK-0148,Jaipur,4,0,0.3,9,599
BK-0148,Lucknow,1,1,0.1,15,Rs. 599
BK-0149,Mumbai,1,0,0.3,9,149
BK-0149,Delhi,8,0,0.6,15,149.00
BK-0149,Bengaluru,17,6,0.7,15,149
BK-0149,Hyderabad,8,1,0.7,6,₹149
BK-0149,Chennai,2,0,0.1,9,149
BK-0149,Kolkata,3,7,0.9,6,₹149
BK-0149,Pune,3,1,0.4,6,149
BK-0149,Ahmedabad,18, 6 ,0.8,9,₹149
BK-0149,Jaipur,0,0,0.6,6,₹149
BK-0149,Lucknow,18,4,0.7,9,149.00
BK-0150,Mumbai,2,0,0.9,6,₹99
BK-0150,Delhi,3,0,0.1,15,Rs. 99
BK-0150,Bengaluru,6,0,0.3,9,Rs. 99
BK-0150,Hyderabad,2,0,0.5,9,₹99
BK-0150,Chennai,7,1,0.5,6,₹99
BK-0150,Kolkata,7,0,0.5,,99
BK-0150,Pune,7,3,0.4,9,99
BK-0150,Ahmedabad,10,0,0.7,6,99
BK-0150,Jaipur,16,0,0.5,15,₹99
BK-0150,Lucknow,3,6,0.6,9,99
BK-0151,Mumbai,11,3,0.3,15,Rs. 399
BK-0151,Delhi,13,4,0.5,9,₹399
BK-0151,Bengaluru,4,0,0.5,6,399
BK-0151,Bengaluru,4,0,0.5,6,399
BK-0151,Hyderabad,1,0,0.6,15,N/A
BK-0151,Chennai,12,0,0.6,6,399
BK-0151,Kolkata,1,0,0.2,6,399.00
BK-0151,Pune,3,0,0.3,9,399.00
BK-0151,Ahmedabad,21,0,0.7,9,399
BK-0151,Jaipur,22,0,0.9,9,399
BK-0151,Lucknow,6.5,0,0.5,6,₹399
BK-0152,Mumbai,3,0,0.1,15,149
BK-0152,Delhi,3,0,0.2,9,149
BK-0152,Bengaluru,0,0,0.1,9,149.00
BK-0152,Hyderabad,1,0,0.2,9,149.00
BK-0152,Chennai,6,5,0.9,6,149
BK-0152,Kolkata,4,0,0.1,15,₹149
BK-0152,Pune,14,0,0.8,9,149
BK-0152,Ahmedabad,6,6,0.4,15,₹149
BK-0152,Jaipur,9,0,0.7,6,Rs. 149
BK-0152,Lucknow,0,0,0.1,6,149.00
BK-0153,Mumbai,0,0,0.0,9,99
BK-0153,Delhi,3,0,0.7,6,99
BK-0153,Bengaluru,0,0,0.6,6,99
BK-0153,Hyderabad,5,0,0.5,6,99
BK-0153,Chennai,2,0,0.2,6,99.00
BK-0153,Kolkata,25,-1,0.8,15,99
BK-0153,Pune,16,0,0.6,15,₹99
BK-0153,Ahmedabad,6,0,0.9,9,99.00
BK-0153,Jaipur,9,0,0.4,15,Rs. 99
BK-0153,Lucknow,9,6,0.8,6,99.00
BK-0154,Mumbai,13,0,0.5,15,399
BK-0154,Delhi,15,0,0.6,9,399
BK-0154,Bengaluru,5,0,0.6,15,399
BK-0154,Hyderabad,3,0,0.6,9,399
BK-0154,Chennai,1,0,,15,399
BK-0154,Kolkata,4,0,0.6,6,Rs. 399
BK-0154,Pune,4,2,0.2,9,₹399
BK-0154,Ahmedabad,6,7,0.7,15,₹399
BK-0154,Jaipur,1,0,0.1,15,399
BK-0154,Lucknow,0,0,0.0,6 days,399
BK-0155,Mumbai,0,0,0.2,6,249
BK-0155,Delhi,9,0,0.6,6,249
BK-0155,Bengaluru,8,0,0.5,9,249
BK-0155,Hyderabad,6,0,0.3,9,249
BK-0155,Chennai,15,0,0.8,6,249
BK-0155,Kolkata,10,0,0.4,9,249.00
BK-0155,Pune,6,0,0.6,6,249
BK-0155,Ahmedabad,11,0,0.5,9,249.00
BK-0155,Jaipur,23,0,0.5,15,249
BK-0155,Lucknow,12,0,0.8,6,249.00
BK-0156,Mumbai,0,2,0.2,9,Rs. 399
BK-0156,Delhi,0,0,0.4,9,399
BK-0156,Bengaluru,3,0,0.3,9,399
BK-0156,Hyderabad, 6 ,0,0.2,15,Rs. 399
BK-0156,Chennai,18,0,0.9,15,₹399
BK-0156,Kolkata,8,4,0.5,9,399
BK-0156,Pune,-6,1,0.2,15,₹399
BK-0156,Ahmedabad,0,0,0.5,9,399
BK-0156,Jaipur,1,0,0.1,6,399
BK-0156,Lucknow, 0 ,0,0.0,6,399.00
BK-0157,Mumbai,5,0,0.1,15,399
BK-0157,Delhi,4,2,0.4,6,₹399
BK-0157,Bengaluru,22.5,7,0.6,15,N/A
BK-0157,Hyderabad,7,0,0.8,9,399.00
,Chennai,4,4,0.8,9,Rs. 399
BK-0157,Kolkata,8,0,0.4,9,399
BK-0157,Pune,11,0,0.3,15,399
BK-0157,Ahmedabad,2,0,0.4,9,Rs. 399
BK-0157,Jaipur,3,0,0.7,,399.00
BK-0157,Lucknow,2,0,0.2,6,399
BK-0158,Mumbai,0,0,0.5,6,599
BK-0158,Delhi,16,0,0.7,15,599
BK-0158,Bengaluru,9,0,0.5,9,599
BK-0158,Hyderabad,7,0,0.8,6,Rs. 599
BK-0158,Chennai, 9 ,2,0.7,6,599.00
BK-0158,Kolkata,12,0,0.6,6,Rs. 599
BK-0158,Pune,4,1,0.1,15,₹599
BK-0158,Ahmedabad,18,0,0.7,9,599
BK-0158,Jaipur,7,0,0.5,9,599
BK-0158,Lucknow,1,0,0.1,6,₹599
BK-0159,Mumbai, 21 ,0,0.5,15,₹399
BK-0159,Delhi, 1 ,0,0.3,6,399
BK-0159,Bengaluru,5,0,0.5,6,399
BK-0159,Hyderabad,7,0,0.3,15,399
BK-0159,Chennai,10,0,0.8,6,399
BK-0159,Kolkata,0,0,0.0,9,399
BK-0159,Pune,4,0,0.2,9,399
BK-0159,Ahmedabad,15,0,0.4,15,₹399
BK-0159,Jaipur,9,0,0.6,6,₹399
BK-0159,Lucknow,5,2,0.2,15,399
BK-0160,Mumbai,1,0,0.1,6,149
BK-0160,Delhi,1,0,0.2,6,149
BK-0160,Bengaluru,5,0,0.3,6,149
BK-0160,Hyderabad,1,0,0.1,15,149
BK-0160,Chennai,0,0,0.1,9,149
BK-0160,Kolkata,0,6,0.6,9,Rs. 149
BK-0160,Pune,0,-5,0.0,9,₹149
BK-0160,Ahmedabad,2, 8 ,0.8,9,149
BK-0160,Jaipur,12,4,0.5,9,149
BK-0160,Lucknow,21,0,0.8,15,149
BK-0160,Lucknow,21,0,0.8,15,149
BK-0161,Mumbai,1,0,0.3,6,₹399
BK-0161,Delhi,0,0,0.0,15,399
BK-0161,Bengaluru,8,0,0.8,9,₹399
BK-0161,Hyderabad,2,0,0.2,9,399.00
BK-0161,Chennai, 4 ,1,0.3,9,399
BK-0161,Kolkata,6,0,0.7,9,Rs. 399
BK-0161,Pune,18,0,0.7,15,₹399
BK-0161,Ahmedabad,5,3,0.2,15,399
BK-0161,Jaipur,6,0,0.8,6,₹399
BK-0161,Lucknow,11,0,0.4,9,₹399
BK-0162,Mumbai,9,0,0.5,15,249
BK-0162,Delhi,7,6,0.6,15,249
BK-0162,Bengaluru,7,0,0.3,9,249
BK-0162,Hyderabad,0,0,0.1,9,249.00
BK-0162,Chennai,0,0,0.2,9,249
BK-0162,Kolkata,3.5,1,0.3,6,249
BK-0162,Pune,0,0,0.0,6,₹249
BK-0162,Ahmedabad,1,0,,15,249
BK-0162,Jaipur,2,0,0.3,9 days,Rs. 249
BK-0162,Lucknow,14,0,0.7,15,Rs. 249
BK-0163,Mumbai,3,0,0.2,9,₹249
BK-0163,Delhi,4,1,0.5,6,N/A
BK-0163,Bengaluru,5,3,0.4,9,Rs. 249
BK-0163,Hyderabad,8,0,0.7,15,₹249
BK-0163,Chennai,9,0,0.5,6,₹249
BK-0163,Kolkata,16,0,0.8,15,249.00
BK-0163,Pune, 0 ,2,0.4,6,249
BK-0163,Ahmedabad,2,0,0.2,15,249
BK-0163,Jaipur,4,2,0.3,9,249.00
BK-0163,Lucknow,3,0,0.3,6,₹249
BK-0164,Mumbai,2,0,0.2,6,99
BK-0164,Delhi,2,0,0.1,9,99
BK-0164,Bengaluru,0,0,0.0,9,99.00
BK-0164,Hyderabad,1,0,0.7,9,99.00
BK-0164,Chennai,11,0,0.6,9,Rs. 99
BK-0164,Kolkata,14,8,0.5,15,₹99
BK-0164,Pune,22,0,0.7,15,99.00
BK-0164,Ahmedabad,0,0,0.0,9,99.00
BK-0164,Jaipur,21, 10 ,0.5,15,₹99
BK-0164,Lucknow,12,0,0.3,15,99
BK-0165,Mumbai,10,0,0.7,9,₹599
BK-0165,Delhi,5,0,0.3,,599
BK-0165,Bengaluru,29,0,0.9,15,599
BK-0165,Hyderabad,27,0,0.8,15,₹599
BK-0165,Chennai,8,4,0.6,6,599
BK-0165,Kolkata,-7,0,0.4,6,₹599
BK-0165,Pune,19,0,0.7,9,599
BK-0165,Ahmedabad,1,0,0.5,9,₹599
BK-0165,Jaipur,2,2,0.2,15,599
BK-0165,Lucknow, 7 ,0,0.4,6,599
BK-0166,Mumbai,1,0,0.5,9,249.00
BK-0166,Delhi,16,0,0.8,9,249
BK-0166,Bengaluru,7,1,0.5,6,249
BK-0166,Hyderabad,1,0,0.3,6,Rs. 249
BK-0166,Chennai,8,0,0.4,9,249
BK-0166,Kolkata,3,1,0.2,6,249
BK-0166,Pune,36,0,0.9,15,249
BK-0166,Ahmedabad,8,5,0.8,6,249
BK-0166,Jaipur,10,0,0.4,9,₹249
BK-0166,Lucknow,8,8,0.8,9,₹249
BK-0167,Mumbai,0,0,0.6,6,249
BK-0167,Delhi,13,6,0.9,6,249
BK-0167,Bengaluru,0,0,0.9,6,249
BK-0167,Hyderabad,0,0,0.1,9,₹249
BK-0167,Chennai, 7 ,0,0.2,15,249.00
,Kolkata,32,0,0.7,15,249
BK-0167,Pune,4,1,0.2,9,Rs. 249
BK-0167,Ahmedabad,3,-18,0.2,15,249
BK-0167,Jaipur,1.5,0,0.1,9,₹249
BK-0167,Lucknow, 10 ,1,0.7,6,249
BK-0168,Mumbai,9,0,0.5,9,149
BK-0168,Delhi, 0 , 2 ,0.5,6,149
BK-0168,Bengaluru,10,0,0.6,6,149
BK-0168,Hyderabad,13,11,0.6,15,149
BK-0168,Chennai,0,0,0.0,9,Rs. 149
BK-0168,Kolkata,4,0,0.3,6,149
BK-0168,Pune,1,7,0.8,9,149
BK-0168,Ahmedabad,4,0,0.1,15,Rs. 149
BK-0168,Jaipur,0,0,0.3,6,₹149
BK-0168,Lucknow,4,0,0.5,9,₹149
BK-0169,Mumbai,4,0,0.1,15,N/A
BK-0169,Delhi,17,0,0.9,15,₹249
BK-0169,Bengaluru,1,0,0.4,6,249
BK-0169,Hyderabad,8,0,0.8,15,₹249
BK-0169,Chennai,28,3,0.6,15,249.00
BK-0169,Kolkata,1,0,0.1,6,₹249
BK-0169,Pune,0,0,0.0,6,249
BK-0169,Ahmedabad,7,0,0.3,9,₹249
BK-0169,Jaipur,4,0,0.7,6,249.00
BK-0169,Lucknow,7,0,0.5,6,249
BK-0170,Mumbai,0,0,0.1,6,249
BK-0170,Delhi,0,0,0.3,9,Rs. 249
BK-0170,Bengaluru,12,0,0.6,9,249
BK-0170,Hyderabad,8,0,0.9,6,249
BK-0170,Chennai,12,0,0.8,15,₹249
BK-0170,Kolkata,0,1,0.2,9,249
BK-0170,Pune,16,0,0.5,15,249
BK-0170,Pune,16,0,0.5,15,249
BK-0170,Ahmedabad,2, 6 ,0.6,15 days,249.00
BK-0170,Jaipur,5,0,0.8,15,249
BK-0170,Lucknow,1,0,0.1,6,249
BK-0171,Mumbai,18,7,,15,₹399
BK-0171,Delhi,1,0,0.2,6,Rs. 399
BK-0171,Bengaluru,1,0,0.1,15,₹399
BK-0171,Hyderabad,0,3,0.5,6,₹399
BK-0171,Chennai, 0 ,0,0.0,6,399
BK-0171,Kolkata,0,0,0.2,9,399.00
BK-0171,Pune,9,1,0.4,9,399
BK-0171,Ahmedabad,16,0,0.7,15,399
BK-0171,Jaipur,6,0,0.8,9,399.00
BK-0171,Lucknow,0,0,0.0,15,399
BK-0172,Mumbai,30,15,0.8,15,Rs. 599
BK-0172,Delhi,1,0,0.1,6,₹599
BK-0172,Bengaluru,16,7,0.6,9,599
BK-0172,Hyderabad,3,0,0.2,15,₹599
BK-0172,Chennai,1,0,0.9,,599
BK-0172,Kolkata,1,0,0.1,9,Rs. 599
BK-0172,Pune,1,0,0.1,9,₹599
BK-0172,Ahmedabad,4,0,0.6,6,599
BK-0172,Jaipur,6,0,0.3,15,599.00
BK-0172,Lucknow,0,0,0.0,15,599
BK-0173,Mumbai,0,0,0.0,15,399
BK-0173,Delhi,3.5,1,0.2,9,Rs. 399
BK-0173,Bengaluru,0,0,0.8,6,₹399
BK-0173,Hyderabad,27,0,0.8,15,399.00
BK-0173,Chennai,1,0,0.4,9,Rs. 399
BK-0173,Kolkata,1,0,0.2,9,₹399
BK-0173,Pune,11,0,0.4,9,399.00
BK-0173,Ahmedabad,4,4,0.7,6,399.00
BK-0173,Jaipur,4,0,0.4,9,Rs. 399
BK-0173,Lucknow,13,6,0.7,9,₹399
BK-0174,Mumbai,13,0,0.3,15,₹599
BK-0174,Delhi,3,0,0.3,6,599
BK-0174,Bengaluru,6,0,0.5,15,₹599
BK-0174,Hyderabad,7,0,0.8,15,599
BK-0174,Chennai,(5),0,0.5,6,599
BK-0174,Kolkata,13,0,0.3,15,₹599
BK-0174,Pune,2,1,0.1,9,599
BK-0174,Ahmedabad,0,0,0.2,6,599
BK-0174,Jaipur,10,-4,0.5,9,599
BK-0174,Lucknow,6,0,0.4,6,N/A
BK-0175,Mumbai,9,2,0.5,6,₹599
BK-0175,Delhi,0,0,0.1,15,₹599
BK-0175,Bengaluru,31,0,0.8,15,₹599
BK-0175,Hyderabad,1,0,0.1,9,599
BK-0175,Chennai,13,0,0.7,6,Rs. 599
BK-0175,Kolkata,21,0,0.8,15,599.00
BK-0175,Pune,13,0,0.6,15,Rs. 599
BK-0175,Ahmedabad,0,0,0.3,6,599
BK-0175,Jaipur,1,0,0.6,6,₹599
BK-0175,Lucknow,2,0,0.5,15,599
BK-0176,Mumbai, 8 ,0,0.8,15,399
BK-0176,Delhi,4,0,0.8,6,399
BK-0176,Bengaluru,6,0,0.5,6,₹399
BK-0176,Hyderabad,10,0,0.7,6,399.00
BK-0176,Chennai,5,1,0.4,6,₹399
BK-0176,Kolkata,9,0,0.4,9,399
BK-0176,Pune,8,0,0.6,6,399.00
BK-0176,Ahmedabad,15,0,0.4,15,399
BK-0176,Jaipur, 0 ,0,0.8,6,399.00
BK-0176,Lucknow,9,0,0.7,9,399
BK-0177,Mumbai,0,0,0.0,9,249
BK-0177,Delhi,12,0,0.3,15,249
BK-0177,Bengaluru,0,0,0.0,6,Rs. 249
BK-0177,Hyderabad,7,5,0.8,6,249
BK-0177,Chennai,4,0,0.3,9,249
BK-0177,Kolkata,2,0,0.2,6,249
,Pune,2,0,0.8,15,₹249
BK-0177,Ahmedabad, 11 ,0,0.6,6,249
BK-0177,Jaipur,2,0,0.3,6,₹249
BK-0177,Lucknow,5,0,0.2,9,249
BK-0178,Mumbai,21,0,0.9,9,Rs. 399
BK-0178,Delhi,6,0,0.9,9,₹399
BK-0178,Bengaluru,3,0,0.2,9,₹399
BK-0178,Hyderabad,5,1,0.3,6,₹399
BK-0178,Chennai,14.5,0,0.7,15,399
BK-0178,Kolkata,18,0,0.9,15,₹399
BK-0178,Pune,7,0,0.4,9 days,₹399
BK-0178,Ahmedabad,5,0,0.2,9,₹399
BK-0178,Jaipur,0,0,0.0,9,₹399
BK-0178,Lucknow,17,0,0.7,9,399
BK-0179,Mumbai,1,0,0.1,6,599.00
BK-0179,Delhi,12,0,0.8,9,599
BK-0179,Bengaluru,0,0,0.2,6,₹599
BK-0179,Hyderabad,0,0,,15,₹599
BK-0179,Chennai,0,0,0.0,15,₹599
BK-0179,Kolkata,11,0,0.5,9,₹599
BK-0179,Pune,0,0,0.1,6,599
BK-0179,Ahmedabad,5,0,0.6,,599
BK-0179,Jaipur,11,2,0.8,6,₹599
BK-0179,Lucknow,9,2,0.3,9,599.00
BK-0180,Mumbai,26,0,0.8,15,₹249
BK-0180,Delhi,27,0,0.7,15,Rs. 249
BK-0180,Bengaluru,9,0,0.4,15,₹249
BK-0180,Hyderabad,20,5,0.7,9,249.00
BK-0180,Hyderabad,20,5,0.7,9,249.00
BK-0180,Chennai,7, 2 ,0.6,6,249
BK-0180,Kolkata,6,3,0.5,9,Rs. 249
BK-0180,Pune,0,0,0.2,6,249
BK-0180,Ahmedabad,8,0,0.6,15,Rs. 249
BK-0180,Jaipur,19,0,0.8,9,N/A
BK-0180,Lucknow, 0 ,0,0.0,6,249
BK-0181,Mumbai,1,0,0.1,6,99
BK-0181,Delhi,2,0,0.7,6,Rs. 99
BK-0181,Bengaluru,0,0,0.1,9,99
BK-0181,Hyderabad,14,0,0.7,6,99
BK-0181,Chennai,2,0,0.2,6,99
BK-0181,Kolkata,7,0,0.6,6,₹99
BK-0181,Pune, 4 ,0,0.7,6,₹99
BK-0181,Ahmedabad,6,0,0.2,15,Rs. 99
BK-0181,Jaipur,29,0,0.7,15,Rs. 99
BK-0181,Lucknow,7,-15,0.5,15,₹99
BK-0182,Mumbai,24,0,0.6,15,249
BK-0182,Delhi,7,0,0.3,9,Rs. 249
BK-0182,Bengaluru,3,0,0.2,6,₹249
BK-0182,Hyderabad, 20 ,0,0.8,9,₹249
BK-0182,Chennai,0,0,0.1,15,₹249
BK-0182,Kolkata,6,6,0.5,15,Rs. 249
BK-0182,Pune,14,0,0.7,9,249
BK-0182,Ahmedabad,10,0,0.5,9,₹249
BK-0182,Jaipur,3,0,0.3,9,249
BK-0182,Lucknow,3,3,0.6,9,₹249
BK-0183,Mumbai, 1 ,0,0.1,6,99
BK-0183,Delhi,26,6,0.9,9,99
BK-0183,Bengaluru,3,0,0.3,6,Rs. 99
BK-0183,Hyderabad,(9),2,0.5,9,99.00
BK-0183,Chennai,4,0,0.3,9,₹99
BK-0183,Kolkata, 0 ,0,0.2,15,₹99
BK-0183,Pune,18, 6 ,0.9,9,99
BK-0183,Ahmedabad,8.5,1,0.3,9,99.00
BK-0183,Jaipur,2,0,0.2,6,99
BK-0183,Lucknow,3,0,0.7,9,₹99
BK-0184,Mumbai,8,0,0.7,6,₹149
BK-0184,Delhi,13,0,0.8,15,149
BK-0184,Bengaluru,21,0,0.8,9,149
BK-0184,Hyderabad,35,0,0.8,15,149.00
BK-0184,Chennai,33,0,0.8,15,Rs. 149
BK-0184,Kolkata,4,3,0.6,6,149
BK-0184,Pune,9,2,0.4,9,149
BK-0184,Ahmedabad,15,7,0.4,15,Rs. 149
BK-0184,Jaipur, 16 ,0,0.6,15,Rs. 149
BK-0184,Lucknow,11,0,0.4,9,149
BK-0185,Mumbai,15,6,0.6,9,Rs. 149
BK-0185,Delhi,22,0,0.8,9,₹149
BK-0185,Bengaluru,2,3,0.4,6,149
BK-0185,Hyderabad,0,0,0.7,9,₹149
BK-0185,Chennai,1,0,0.2,9,Rs. 149
BK-0185,Kolkata,0,1,0.2,6,149
BK-0185,Pune,13,0,0.7,9,149
BK-0185,Ahmedabad,18,0,0.4,15,₹149
BK-0185,Jaipur,4,0,0.2,15,149
BK-0185,Lucknow,6,0,0.6,6,149.00
BK-0186,Mumbai,24,0,0.8,9,Rs. 249
BK-0186,Delhi,19,0,0.8,9,249
BK-0186,Bengaluru,0,0,0.1,6,₹249
BK-0186,Hyderabad,4,0,0.1,15,₹249
BK-0186,Chennai,23,3,0.6,15,249.00
BK-0186,Kolkata,3,0,0.6,6 days,₹249
BK-0186,Pune,15,0,0.8,9,249
BK-0186,Ahmedabad,0,2,0.4,15,N/A
BK-0186,Jaipur,2,0,0.5,9,₹249
BK-0186,Lucknow,9,0,0.4,15,₹249
BK-0187,Mumbai,1,2,0.2,,₹99
BK-0187,Delhi,0,0,0.1,9,99
BK-0187,Bengaluru,1,0,0.1,9,99
BK-0187,Hyderabad,3,2,0.6,6,99
BK-0187,Chennai, 10 ,5,0.5,9,₹99
BK-0187,Kolkata,9,13,0.7,15,99
BK-0187,Pune,0,0,,6,Rs. 99
,Ahmedabad,0,1,0.1,9,₹99
BK-0187,Jaipur,2,0,0.1,9,₹99
BK-0187,Lucknow,10,0,0.3,15,99
BK-0188,Mumbai,3,0,0.2,6,149
BK-0188,Delhi,7,0,0.4,15,149
BK-0188,Bengaluru,3,0,0.5,9,₹149
BK-0188,Hyderabad,3,0,0.5,9,₹149
BK-0188,Chennai,0,0,0.0,6,Rs. 149
BK-0188,Kolkata,6,3,0.4,9,₹149
BK-0188,Pune,11,0,0.8,6,₹149
BK-0188,Ahmedabad, 0 ,0,0.0,6,₹149
BK-0188,Jaipur,2,0,0.1,9,149.00
BK-0188,Lucknow,8,0,0.5,9,₹149
BK-0189,Mumbai,1.5,-12,0.1,6,599.00
BK-0189,Delhi, 13 ,0,0.9,6,₹599
BK-0189,Bengaluru,6,0,0.5,6,599
BK-0189,Hyderabad,11,9,0.8,9,599
BK-0189,Chennai,4,0,0.2,9,₹599
BK-0189,Kolkata,6,0,0.7,9,599
BK-0189,Pune,5,0,0.4,9,599.00
BK-0189,Ahmedabad,0,0,0.1,6,599.00
BK-0189,Jaipur,6,0,0.4,6,599
BK-0189,Lucknow,0,0,0.0,9,Rs. 599
BK-0190,Mumbai,1,0,0.1,9,₹599
BK-0190,Mumbai,1,0,0.1,9,₹599
BK-0190,Delhi,0,0,0.0,9,₹599
BK-0190,Bengaluru,25,9,0.9,15,599
BK-0190,Hyderabad,2,0,0.2,6,599
BK-0190,Chennai, 5 ,0,0.2,9,599
BK-0190,Kolkata, 0 ,2,0.3,15,Rs. 599
BK-0190,Pune,29,0,0.7,15,599
BK-0190,Ahmedabad,14,0,0.8,6,₹599
BK-0190,Jaipur,2,0,0.2,6,599
BK-0190,Lucknow,14,0,0.8,15,599
BK-0191,Mumbai,8,0,0.9,9,599
BK-0191,Delhi,11,0,0.6,15,599
BK-0191,Bengaluru,0,0,0.4,6,599.00
BK-0191,Hyderabad,0,0,0.1,6,₹599
BK-0191,Chennai,2,0,0.2,6,₹599
BK-0191,Kolkata,0,0,0.0,15,599
BK-0191,Pune,6,0,0.3,15,599
BK-0191,Ahmedabad,0,3,0.5,9,₹599
BK-0191,Jaipur,1,0,0.2,6,Rs. 599
BK-0191,Lucknow,8,4,0.4,9,₹599
BK-0192,Mumbai,1,0,0.4,6,Rs. 599
BK-0192,Delhi,0,3,0.3,9,599
BK-0192,Bengaluru,(4),0,0.1,9,₹599
BK-0192,Hyderabad,23,6,0.5,15,₹599
BK-0192,Chennai,15,0,0.6,9,₹599
BK-0192,Kolkata,24,10,0.6,15,599
BK-0192,Pune,20,0,0.5,15,N/A
BK-0192,Ahmedabad,16,4,0.8,9,₹599
BK-0192,Jaipur,0,0,0.6,15,₹599
BK-0192,Lucknow,10,0,0.2,15,599
BK-0193,Mumbai,1,0,0.1,9,Rs. 599
BK-0193,Delhi,2,0,0.2,9,599
BK-0193,Bengaluru,0,0,0.1,15,Rs. 599
BK-0193,Hyderabad,1,0,0.1,9,₹599
BK-0193,Chennai,36,0,0.9,15,599.00
BK-0193,Kolkata,3,0,0.3,6,₹599
BK-0193,Pune,7,3,0.4,6,Rs. 599
BK-0193,Ahmedabad,5,0,0.2,9,₹599
BK-0193,Jaipur,6,0,0.8,9,599
BK-0193,Lucknow,4,0,0.5,6,Rs. 599
BK-0194,Mumbai,33,0,0.7,15,99.00
BK-0194,Delhi,5,4,0.7,6,Rs. 99
BK-0194,Bengaluru,3,0,0.5,15,99
BK-0194,Hyderabad,0.5,0,0.1,,99
BK-0194,Chennai,24,0,0.8,15 days,99
BK-0194,Kolkata,5,0,0.1,15,99.00
BK-0194,Pune,16,0,0.6,9,99
BK-0194,Ahmedabad,2,0,0.8,6,99.00
BK-0194,Jaipur, 10 ,0,0.6,6,Rs. 99
BK-0194,Lucknow,3,0,0.3,9,Rs. 99
BK-0195,Mumbai,4,0,0.5,9,599
BK-0195,Delhi,6,0,0.5,6,₹599
BK-0195,Bengaluru,0,0,0.1,6,Rs. 599
BK-0195,Hyderabad,0,0,0.7,6,599
BK-0195,Chennai,2,0,0.8,9,599
BK-0195,Kolkata,10,2,0.3,15,599
BK-0195,Pune,1,0,0.3,6,₹599
BK-0195,Ahmedabad,23,7,0.9,9,₹599
BK-0195,Jaipur,9,0,0.2,15,₹599
BK-0195,Lucknow,11,0,,15,₹599
BK-0196,Mumbai,23,6,0.6,15,99
BK-0196,Delhi,0,-16,0.0,6,₹99
BK-0196,Bengaluru,10,0,0.8,6,99
BK-0196,Hyderabad,1,0,0.1,6,99
BK-0196,Chennai,16,0,0.4,15,₹99
BK-0196,Kolkata, 13 ,0,0.5,9,99
BK-0196,Pune,8,0,0.8,15,₹99
BK-0196,Ahmedabad,5,0,0.9,9,99
BK-0196,Jaipur,7,7,0.9,6,99
BK-0196,Lucknow,6,5,0.7,6,₹99
BK-0197,Mumbai,0,4,0.3,15,599.00
BK-0197,Delhi,15,0,0.4,15,₹599
BK-0197,Bengaluru,5,1,0.2,9,599
BK-0197,Hyderabad,0,0,0.5,6,599
BK-0197,Chennai, 28 ,0,0.8,15,Rs. 599
BK-0197,Kolkata,0,0,0.7,9,599
BK-0197,Pune,1,2,0.2,15,599
BK-0197,Ahmedabad,2,2,0.6,9,₹599
,Jaipur,4,0,0.5,6,599.00
BK-0197,Lucknow,3,0,0.6,6,₹599
BK-0198,Mumbai,0,0,0.0,9,Rs. 99
BK-0198,Delhi,0,0,0.4,6,99.00
BK-0198,Bengaluru,0,0,0.4,9,₹99
BK-0198,Hyderabad,11,0,0.8,6,99
BK-0198,Chennai,12,0,0.8,9,Rs. 99
BK-0198,Kolkata,9,3,0.2,15,N/A
BK-0198,Pune,5,0,0.7,6,₹99
BK-0198,Ahmedabad,15,4,0.6,9,99
BK-0198,Jaipur,0,2,0.6,6,Rs. 99
BK-0198,Lucknow,1,2,0.3,6,₹99
BK-0199,Mumbai,2,0,0.1,15,₹149
BK-0199,Delhi,10,4,0.8,6,149
BK-0199,Bengaluru,2,0,0.8,6,₹149
BK-0199,Hyderabad,3,0,0.1,15,149
BK-0199,Chennai,3,0,0.1,15,₹149
BK-0199,Kolkata,7,0,0.4,9,149
BK-0199,Pune,7.5,0,0.6,6,₹149
BK-0199,Ahmedabad,10,0,0.7,6,149
BK-0199,Ahmedabad,10,0,0.7,6,149
BK-0199,Jaipur,8,0,0.5,6,₹149
BK-0199,Lucknow,28,18,0.9,15,149.00
BK-0200,Mumbai,13,0,0.8,15,₹249
BK-0200,Delhi, 21 ,0,0.7,15,Rs. 249
BK-0200,Bengaluru,15,0,0.9,6,249
BK-0200,Hyderabad,0,0,0.4,6,Rs. 249
BK-0200,Chennai,0,0,0.2,15,249
BK-0200,Kolkata,11,0,0.5,15,₹249
BK-0200,Pune,4,0,0.9,15,Rs. 249
BK-0200,Ahmedabad,3,0,0.2,9,Rs. 249
BK-0200,Jaipur,6,0,0.3,9,249
BK-0200,Lucknow,17,7,0.7,9,₹249
